,date,humidity
0,2016-01-01,69.4
1,2016-01-01,43.9
2,2016-01-01,44
3,2016-01-01,57.3
4,2016-01-01,61.5
5,2016-01-01,57.4
6,2016-01-01,84.6
7,2016-01-01,73.9
8,2016-01-01,64.3
9,2016-10-01,86.6
10,2016-11-01,50.9
11,2016-12-01,59.1
12,2016-01-02,76.3
13,2016-01-02,47.5
14,2016-01-02,49.6
15,2016-01-02,68.8
16,2016-01-02,74.8
17,2016-01-02,56
18,2016-01-02,84.6
19,2016-01-02,78.9
20,2016-01-02,89.8
21,2016-10-02,86.4
22,2016-11-02,56.3
23,2016-12-02,60.9
24,2016-01-03,77.4
25,2016-01-03,57.1
26,2016-01-03,61.9
27,2016-01-03,86.6
28,2016-01-03,66.6
29,2016-01-03,54.5
30,2016-01-03,89.8
31,2016-01-03,78.3
32,2016-01-03,88.4
33,2016-10-03,83.6
34,2016-11-03,73.1
35,2016-12-03,63.1
36,2016-01-04,64.8
37,2016-01-04,53.4
38,2016-01-04,88.4
39,2016-01-04,81.9
40,2016-01-04,32.4
41,2016-01-04,80.8
42,2016-01-04,88.3
43,2016-01-04,73.6
44,2016-01-04,86
45,2016-10-04,72.1
46,2016-11-04,69
47,2016-12-04,75.3
48,2016-01-05,70.6
49,2016-01-05,44.4
50,2016-01-05,87.6
51,2016-01-05,66.8
52,2016-01-05,47.8
53,2016-01-05,60.9
54,2016-01-05,80.9
55,2016-01-05,69.8
56,2016-01-05,82.9
57,2016-10-05,81.4
58,2016-11-05,77.9
59,2016-12-05,76.1
60,2016-01-06,52.8
61,2016-01-06,48.3
62,2016-01-06,81.5
63,2016-01-06,64.9
64,2016-01-06,85.1
65,2016-01-06,80.3
66,2016-01-06,78.6
67,2016-01-06,67.5
68,2016-01-06,81.4
69,2016-10-06,68.5
70,2016-11-06,75.6
71,2016-12-06,40
72,2016-01-07,57.5
73,2016-01-07,50.9
74,2016-01-07,67.8
75,2016-01-07,82.5
76,2016-01-07,50.4
77,2016-01-07,76.9
78,2016-01-07,78.1
79,2016-01-07,69.8
80,2016-01-07,79.5
81,2016-10-07,79.9
82,2016-11-07,71.9
83,2016-12-07,68.4
84,2016-01-08,57.8
85,2016-01-08,47.6
86,2016-01-08,65.1
87,2016-01-08,60.3
88,2016-01-08,52.1
89,2016-01-08,80
90,2016-01-08,74.9
91,2016-01-08,73
92,2016-01-08,68.1
93,2016-10-08,85.6
94,2016-11-08,54.8
95,2016-12-08,70.4
96,2016-01-09,62.4
97,2016-01-09,26.1
98,2016-01-09,56.6
99,2016-01-09,55.8
100,2016-01-09,54.9
101,2016-01-09,76.9
102,2016-01-09,74.1
103,2016-01-09,73.8
104,2016-01-09,74
105,2016-10-09,52.8
106,2016-11-09,46.9
107,2016-12-09,49.9
108,2016-01-10,61.3
109,2016-01-10,47.5
110,2016-01-10,33
111,2016-01-10,62.9
112,2016-01-10,86
113,2016-01-10,71.5
114,2016-01-10,76.4
115,2016-01-10,67
116,2016-01-10,78.4
117,2016-10-10,69.9
118,2016-11-10,64.3
119,2016-12-10,45.4
120,2016-01-11,45
121,2016-01-11,57.1
122,2016-01-11,34.1
123,2016-01-11,66
124,2016-01-11,72.3
125,2016-01-11,75.6
126,2016-01-11,84.9
127,2016-01-11,67.1
128,2016-01-11,79.6
129,2016-10-11,78.4
130,2016-11-11,69.5
131,2016-12-11,47.3
132,2016-01-12,33.6
133,2016-01-12,88
134,2016-01-12,43.9
135,2016-01-12,58.6
136,2016-01-12,66.3
137,2016-01-12,84.4
138,2016-01-12,86.8
139,2016-01-12,66.3
140,2016-01-12,84.9
141,2016-10-12,69.9
142,2016-11-12,72.1
143,2016-12-12,54.9
144,2016-01-13,59.6
145,2016-01-13,90.5
146,2016-01-13,51.3
147,2016-01-13,90.3
148,2016-01-13,71.8
149,2016-01-13,73.4
150,2016-01-13,80.1
151,2016-01-13,64.4
152,2016-01-13,74.6
153,2016-10-13,79.1
154,2016-11-13,80.6
155,2016-12-13,64
156,2016-01-14,60.9
157,2016-01-14,53.6
158,2016-01-14,50.5
159,2016-01-14,57.6
160,2016-01-14,63.3
161,2016-01-14,70.4
162,2016-01-14,67.1
163,2016-01-14,64.6
164,2016-01-14,77.3
165,2016-10-14,72.1
166,2016-11-14,90.4
167,2016-12-14,48.1
168,2016-01-15,63
169,2016-01-15,38.4
170,2016-01-15,49.1
171,2016-01-15,59.3
172,2016-01-15,79.9
173,2016-01-15,78.6
174,2016-01-15,64.9
175,2016-01-15,76.6
176,2016-01-15,73.9
177,2016-10-15,75.9
178,2016-11-15,56
179,2016-12-15,47.6
180,2016-01-16,63.6
181,2016-01-16,59.6
182,2016-01-16,53.1
183,2016-01-16,78.5
184,2016-01-16,58.1
185,2016-01-16,65.6
186,2016-01-16,86.4
187,2016-01-16,76
188,2016-01-16,86.1
189,2016-10-16,90.8
190,2016-11-16,61
191,2016-12-16,35.8
192,2016-01-17,71.1
193,2016-01-17,49.8
194,2016-01-17,55.3
195,2016-01-17,44.1
196,2016-01-17,53.8
197,2016-01-17,62.9
198,2016-01-17,73.9
199,2016-01-17,78.3
200,2016-01-17,90
201,2016-10-17,84.3
202,2016-11-17,61.9
203,2016-12-17,62.6
204,2016-01-18,53
205,2016-01-18,61.8
206,2016-01-18,89.3
207,2016-01-18,43
208,2016-01-18,56.8
209,2016-01-18,70.3
210,2016-01-18,72.6
211,2016-01-18,71.6
212,2016-01-18,85.1
213,2016-10-18,78.6
214,2016-11-18,81.6
215,2016-12-18,71.6
216,2016-01-19,32
217,2016-01-19,58.9
218,2016-01-19,71.5
219,2016-01-19,46.5
220,2016-01-19,58.6
221,2016-01-19,71
222,2016-01-19,74.5
223,2016-01-19,68.9
224,2016-01-19,62.5
225,2016-10-19,79.6
226,2016-11-19,89
227,2016-12-19,86.6
228,2016-01-20,37.6
229,2016-01-20,42.9
230,2016-01-20,68.3
231,2016-01-20,58.8
232,2016-01-20,55.4
233,2016-01-20,84.6
234,2016-01-20,67.8
235,2016-01-20,65
236,2016-01-20,57
237,2016-10-20,78.1
238,2016-11-20,79.8
239,2016-12-20,81.5
240,2016-01-21,33.9
241,2016-01-21,35.8
242,2016-01-21,62.5
243,2016-01-21,89
244,2016-01-21,54
245,2016-01-21,86
246,2016-01-21,71.8
247,2016-01-21,63
248,2016-01-21,68.4
249,2016-10-21,70.3
250,2016-11-21,82.6
251,2016-12-21,87.5
252,2016-01-22,26.8
253,2016-01-22,45.5
254,2016-01-22,64.5
255,2016-01-22,70.9
256,2016-01-22,51.8
257,2016-01-22,88.3
258,2016-01-22,75.5
259,2016-01-22,65.3
260,2016-01-22,75
261,2016-10-22,72.3
262,2016-11-22,58.4
263,2016-12-22,65.1
264,2016-01-23,27.9
265,2016-01-23,39.5
266,2016-01-23,52.3
267,2016-01-23,56.3
268,2016-01-23,56.8
269,2016-01-23,71.6
270,2016-01-23,70.5
271,2016-01-23,73
272,2016-01-23,74.1
273,2016-10-23,64.6
274,2016-11-23,32.9
275,2016-12-23,49.4
276,2016-01-24,45.1
277,2016-01-24,29.9
278,2016-01-24,45.6
279,2016-01-24,54.9
280,2016-01-24,86.5
281,2016-01-24,79.9
282,2016-01-24,74.3
283,2016-01-24,59
284,2016-01-24,73.3
285,2016-10-24,63.4
286,2016-11-24,33.5
287,2016-12-24,54.3
288,2016-01-25,56.1
289,2016-01-25,32.8
290,2016-01-25,70.8
291,2016-01-25,51.6
292,2016-01-25,68.1
293,2016-01-25,57.8
294,2016-01-25,76.4
295,2016-01-25,69
296,2016-01-25,75.8
297,2016-10-25,82.6
298,2016-11-25,50.3
299,2016-12-25,73
300,2016-01-26,60.6
301,2016-01-26,61
302,2016-01-26,56.1
303,2016-01-26,61.4
304,2016-01-26,64.9
305,2016-01-26,62
306,2016-01-26,74.5
307,2016-01-26,80.6
308,2016-01-26,82.4
309,2016-10-26,77.6
310,2016-11-26,75.5
311,2016-12-26,86
312,2016-01-27,63.1
313,2016-01-27,49.8
314,2016-01-27,53.4
315,2016-01-27,84.5
316,2016-01-27,56.8
317,2016-01-27,81.8
318,2016-01-27,71.6
319,2016-01-27,57.4
320,2016-01-27,82
321,2016-10-27,70.6
322,2016-11-27,73.4
323,2016-12-27,47.8
324,2016-01-28,69.5
325,2016-01-28,67.1
326,2016-01-28,49.9
327,2016-01-28,77.1
328,2016-01-28,66.3
329,2016-01-28,73
330,2016-01-28,73.6
331,2016-01-28,82.9
332,2016-01-28,90
333,2016-10-28,81.4
334,2016-11-28,61.5
335,2016-12-28,55.6
336,2016-01-29,83.5
337,2016-01-29,43.8
338,2016-01-29,60
339,2016-01-29,63.3
340,2016-01-29,74.1
341,2016-01-29,78.4
342,2016-01-29,74.6
343,2016-01-29,61.1
344,2016-01-29,86.4
345,2016-10-29,68.3
346,2016-11-29,56
347,2016-12-29,47.5
348,2016-01-30,75.1
349,2016-01-30,64.5
350,2016-01-30,53.6
351,2016-01-30,57.5
352,2016-01-30,58.9
353,2016-01-30,78.3
354,2016-01-30,69.9
355,2016-01-30,55.1
356,2016-01-30,88.5
357,2016-10-30,64.8
358,2016-11-30,71
359,2016-12-30,51.6
360,2016-01-31,56.3
361,2016-01-31,59.1
362,2016-01-31,61.9
363,2016-01-31,62.15
364,2016-01-31,62.4
365,2016-01-31,65.2
366,2016-01-31,68
367,2016-01-31,43.6
368,2016-01-31,62.25
369,2016-10-31,80.9
370,2016-11-31,73.1
371,2016-12-31,65.3
372,2017-01-01,71.9
373,2017-01-01,34.6
374,2017-01-01,61.3
375,2017-01-01,78.9
376,2017-01-01,52.6
377,2017-01-01,58.1
378,2017-01-01,74
379,2017-01-01,81.5
380,2017-01-01,50.8
381,2016-10-01,81.1
382,2016-11-01,61.9
383,2016-12-01,31
384,2017-01-02,72.8
385,2017-01-02,37.9
386,2017-01-02,50.6
387,2017-01-02,58.8
388,2017-01-02,49.6
389,2017-01-02,49.3
390,2017-01-02,79.3
391,2017-01-02,81.5
392,2017-01-02,63
393,2016-10-02,79.8
394,2016-11-02,74
395,2016-12-02,54.5
396,2017-01-03,68.4
397,2017-01-03,48.8
398,2017-01-03,48.6
399,2017-01-03,45.9
400,2017-01-03,54.3
401,2017-01-03,47
402,2017-01-03,72.6
403,2017-01-03,71.8
404,2017-01-03,61
405,2016-10-03,75.6
406,2016-11-03,65.5
407,2016-12-03,68.8
408,2017-01-04,71.9
409,2017-01-04,49.1
410,2017-01-04,57.8
411,2017-01-04,43.5
412,2017-01-04,61
413,2017-01-04,46.8
414,2017-01-04,80.5
415,2017-01-04,71
416,2017-01-04,69.5
417,2016-10-04,67
418,2016-11-04,51.5
419,2016-12-04,53.6
420,2017-01-05,68.1
421,2017-01-05,67.3
422,2017-01-05,59.4
423,2017-01-05,77.4
424,2017-01-05,88.3
425,2017-01-05,50.5
426,2017-01-05,81.8
427,2017-01-05,68.9
428,2017-01-05,76.3
429,2016-10-05,68.6
430,2016-11-05,67.4
431,2016-12-05,47.1
432,2017-01-06,60.5
433,2017-01-06,40.9
434,2017-01-06,32.6
435,2017-01-06,86.4
436,2017-01-06,41.9
437,2017-01-06,68.6
438,2017-01-06,89.6
439,2017-01-06,62.5
440,2017-01-06,86.4
441,2016-10-06,87.3
442,2016-11-06,71
443,2016-12-06,61.1
444,2017-01-07,69.9
445,2017-01-07,49.8
446,2017-01-07,35.4
447,2017-01-07,69.5
448,2017-01-07,40.6
449,2017-01-07,72.3
450,2017-01-07,90.4
451,2017-01-07,60.3
452,2017-01-07,81
453,2016-10-07,82.4
454,2016-11-07,74.9
455,2016-12-07,64
456,2017-01-08,76.4
457,2017-01-08,45.5
458,2017-01-08,47.5
459,2017-01-08,62.6
460,2017-01-08,50.3
461,2017-01-08,54.6
462,2017-01-08,91.9
463,2017-01-08,70.5
464,2017-01-08,73.8
465,2016-10-08,75.4
466,2016-11-08,53.8
467,2016-12-08,35
468,2017-01-09,57.4
469,2017-01-09,31.5
470,2017-01-09,37.5
471,2017-01-09,56.4
472,2017-01-09,88
473,2017-01-09,49.6
474,2017-01-09,84.3
475,2017-01-09,87
476,2017-01-09,70.8
477,2016-10-09,75
478,2016-11-09,61.4
479,2016-12-09,57.3
480,2017-01-10,55.8
481,2017-01-10,35.9
482,2017-01-10,42
483,2017-01-10,45.3
484,2017-01-10,74.8
485,2017-01-10,63.8
486,2017-01-10,85.8
487,2017-01-10,72.4
488,2017-01-10,68.8
489,2016-10-10,78.3
490,2016-11-10,61.1
491,2016-12-10,69.4
492,2017-01-11,33
493,2017-01-11,37.4
494,2017-01-11,41.9
495,2017-01-11,59
496,2017-01-11,61.6
497,2017-01-11,59
498,2017-01-11,78.5
499,2017-01-11,78.8
500,2017-01-11,87.5
501,2016-10-11,72.8
502,2016-11-11,36.5
503,2016-12-11,39.9
504,2017-01-12,55.3
505,2017-01-12,48.9
506,2017-01-12,49.3
507,2017-01-12,23
508,2017-01-12,85.4
509,2017-01-12,56.5
510,2017-01-12,75.6
511,2017-01-12,76.3
512,2017-01-12,70.5
513,2016-10-12,79.1
514,2016-11-12,58.9
515,2016-12-12,30.8
516,2017-01-13,44.9
517,2017-01-13,50
518,2017-01-13,47.8
519,2017-01-13,42.5
520,2017-01-13,68.8
521,2017-01-13,65.8
522,2017-01-13,78.3
523,2017-01-13,76.1
524,2017-01-13,62.9
525,2016-10-13,58.9
526,2016-11-13,68.1
527,2016-12-13,34.8
528,2017-01-14,34.3
529,2017-01-14,49.5
530,2017-01-14,43.4
531,2017-01-14,49
532,2017-01-14,42.9
533,2017-01-14,61.1
534,2017-01-14,81.9
535,2017-01-14,96.6
536,2017-01-14,65.5
537,2016-10-14,50.1
538,2016-11-14,47.9
539,2016-12-14,36.1
540,2017-01-15,32.4
541,2017-01-15,49.6
542,2017-01-15,43
543,2017-01-15,59.8
544,2017-01-15,49
545,2017-01-15,48.8
546,2017-01-15,80
547,2017-01-15,95.4
548,2017-01-15,58.8
549,2016-10-15,75.8
550,2016-11-15,49
551,2016-12-15,37.1
552,2017-01-16,39.8
553,2017-01-16,66.6
554,2017-01-16,56
555,2017-01-16,62
556,2017-01-16,60.6
557,2017-01-16,57.6
558,2017-01-16,73.6
559,2017-01-16,85.5
560,2017-01-16,56.8
561,2016-10-16,66.1
562,2016-11-16,64.4
563,2016-12-16,40.8
564,2017-01-17,50
565,2017-01-17,44.1
566,2017-01-17,49.5
567,2017-01-17,88.6
568,2017-01-17,60.5
569,2017-01-17,54.4
570,2017-01-17,83.1
571,2017-01-17,80
572,2017-01-17,65.9
573,2016-10-17,75.4
574,2016-11-17,60.8
575,2016-12-17,42
576,2017-01-18,49.4
577,2017-01-18,19.6
578,2017-01-18,51.3
579,2017-01-18,60.4
580,2017-01-18,58
581,2017-01-18,58
582,2017-01-18,83.6
583,2017-01-18,77.4
584,2017-01-18,71
585,2016-10-18,61.9
586,2016-11-18,28.3
587,2016-12-18,56.9
588,2017-01-19,59.1
589,2017-01-19,50.6
590,2017-01-19,53.8
591,2017-01-19,36.1
592,2017-01-19,53.8
593,2017-01-19,54.5
594,2017-01-19,73.5
595,2017-01-19,85.3
596,2017-01-19,70.6
597,2016-10-19,61.4
598,2016-11-19,33.3
599,2016-12-19,51.6
600,2017-01-20,50.1
601,2017-01-20,45.3
602,2017-01-20,75.4
603,2017-01-20,52.6
604,2017-01-20,52.6
605,2017-01-20,73.3
606,2017-01-20,78.1
607,2017-01-20,91.3
608,2017-01-20,65.4
609,2016-10-20,68.6
610,2016-11-20,43.6
611,2016-12-20,52
612,2017-01-21,55.1
613,2017-01-21,48.3
614,2017-01-21,54.4
615,2017-01-21,56.1
616,2017-01-21,59.8
617,2017-01-21,66.6
618,2017-01-21,73.5
619,2017-01-21,90.8
620,2017-01-21,70
621,2016-10-21,62.9
622,2016-11-21,67.6
623,2016-12-21,60.1
624,2017-01-22,42.4
625,2017-01-22,84.5
626,2017-01-22,55.4
627,2017-01-22,68
628,2017-01-22,56.6
629,2017-01-22,62.9
630,2017-01-22,72.9
631,2017-01-22,88.8
632,2017-01-22,70
633,2016-10-22,45.4
634,2016-11-22,60.6
635,2016-12-22,60.4
636,2017-01-23,39.8
637,2017-01-23,42.6
638,2017-01-23,49.4
639,2017-01-23,63.4
640,2017-01-23,67.6
641,2017-01-23,62.9
642,2017-01-23,78.5
643,2017-01-23,77.3
644,2017-01-23,69.3
645,2016-10-23,48.4
646,2016-11-23,47.6
647,2016-12-23,71.4
648,2017-01-24,44.1
649,2017-01-24,31.1
650,2017-01-24,61.3
651,2017-01-24,59.9
652,2017-01-24,73.9
653,2017-01-24,64.3
654,2017-01-24,79.4
655,2017-01-24,68.3
656,2017-01-24,69.8
657,2016-10-24,76.4
658,2016-11-24,56.1
659,2016-12-24,67.9
660,2017-01-25,49
661,2017-01-25,49.6
662,2017-01-25,85.1
663,2017-01-25,68.1
664,2017-01-25,51.9
665,2017-01-25,71.5
666,2017-01-25,87.4
667,2017-01-25,66.9
668,2017-01-25,72.5
669,2016-10-25,72.5
670,2016-11-25,70.8
671,2016-12-25,38.4
672,2017-01-26,45.8
673,2017-01-26,54.5
674,2017-01-26,78.4
675,2017-01-26,71.6
676,2017-01-26,43.8
677,2017-01-26,84.5
678,2017-01-26,69.9
679,2017-01-26,54.5
680,2017-01-26,65
681,2016-10-26,73.6
682,2016-11-26,69.1
683,2016-12-26,44.1
684,2017-01-27,33.6
685,2017-01-27,60.1
686,2017-01-27,60.8
687,2017-01-27,29.5
688,2017-01-27,54.1
689,2017-01-27,70.1
690,2017-01-27,64.1
691,2017-01-27,61.8
692,2017-01-27,81.5
693,2016-10-27,69.8
694,2016-11-27,74.3
695,2016-12-27,30.8
696,2017-01-28,45.1
697,2017-01-28,55.9
698,2017-01-28,55.6
699,2017-01-28,38.8
700,2017-01-28,58
701,2017-01-28,66.6
702,2017-01-28,68
703,2017-01-28,71
704,2017-01-28,63
705,2016-10-28,69.9
706,2016-11-28,77.9
707,2016-12-28,52.9
708,2017-01-29,80.9
709,2017-01-29,83.75
710,2017-01-29,86.6
711,2017-01-29,41
712,2017-01-29,51.6
713,2017-01-29,78.8
714,2017-01-29,80.9
715,2017-01-29,55.6
716,2017-01-29,58.3
717,2016-10-29,48.1
718,2016-11-29,55.6
719,2016-12-29,66.3
720,2017-01-30,47.9
721,2017-01-30,55.15
722,2017-01-30,62.4
723,2017-01-30,45.6
724,2017-01-30,51.6
725,2017-01-30,75.9
726,2017-01-30,78.6
727,2017-01-30,45.8
728,2017-01-30,59.3
729,2016-10-30,39.9
730,2016-11-30,22.1
731,2016-12-30,75.9
732,2017-01-31,50.9
733,2017-01-31,60.4
734,2017-01-31,69.9
735,2017-01-31,69.6
736,2017-01-31,69.3
737,2017-01-31,78.15
738,2017-01-31,87
739,2017-01-31,59.8
740,2017-01-31,58.9
741,2016-10-31,58
742,2016-11-31,50.5
743,2016-12-31,43
744,2018-01-01,47.9
745,2018-01-01,50.5
746,2018-01-01,41.8
747,2018-01-01,66
748,2018-01-01,82.5
749,2018-01-01,56.6
750,2018-01-01,83.9
751,2018-01-01,62.4
752,2018-01-01,83.1
753,2016-10-01,54.4
754,2016-11-01,68.8
755,2016-12-01,64.8
756,2018-01-02,56.9
757,2018-01-02,40.4
758,2018-01-02,43.3
759,2018-01-02,75.8
760,2018-01-02,88.6
761,2018-01-02,57.6
762,2018-01-02,84.6
763,2018-01-02,61.9
764,2018-01-02,80.4
765,2016-10-02,67.1
766,2016-11-02,64.4
767,2016-12-02,71.3
768,2018-01-03,26.5
769,2018-01-03,41.5
770,2018-01-03,64.9
771,2018-01-03,75.8
772,2018-01-03,45.3
773,2018-01-03,64.8
774,2018-01-03,84
775,2018-01-03,67.4
776,2018-01-03,87.9
777,2016-10-03,67.8
778,2016-11-03,65.5
779,2016-12-03,90.9
780,2018-01-04,32.1
781,2018-01-04,29
782,2018-01-04,85.9
783,2018-01-04,86.3
784,2018-01-04,36.1
785,2018-01-04,63.9
786,2018-01-04,72.9
787,2018-01-04,71.6
788,2018-01-04,67.6
789,2016-10-04,68.8
790,2016-11-04,67.3
791,2016-12-04,68
792,2018-01-05,37.9
793,2018-01-05,35.1
794,2018-01-05,82.3
795,2018-01-05,88.6
796,2018-01-05,51.3
797,2018-01-05,80.8
798,2018-01-05,86.4
799,2018-01-05,60.6
800,2018-01-05,68.3
801,2016-10-05,89
802,2016-11-05,69.6
803,2016-12-05,41.1
804,2018-01-06,52.3
805,2018-01-06,30.5
806,2018-01-06,58.3
807,2018-01-06,55.3
808,2018-01-06,90.8
809,2018-01-06,68.1
810,2018-01-06,83.8
811,2018-01-06,66.8
812,2018-01-06,77.6
813,2016-10-06,80
814,2016-11-06,74.9
815,2016-12-06,69.4
816,2018-01-07,61.9
817,2018-01-07,43.9
818,2018-01-07,69
819,2018-01-07,37.6
820,2018-01-07,88.9
821,2018-01-07,66.9
822,2018-01-07,64.3
823,2018-01-07,73.9
824,2018-01-07,81.5
825,2016-10-07,76
826,2016-11-07,82.3
827,2016-12-07,33.8
828,2018-01-08,81.4
829,2018-01-08,44
830,2018-01-08,78.1
831,2018-01-08,51.5
832,2018-01-08,65.1
833,2018-01-08,67.5
834,2018-01-08,68.4
835,2018-01-08,77.5
836,2018-01-08,75.4
837,2016-10-08,62.3
838,2016-11-08,88.6
839,2016-12-08,38.8
840,2018-01-09,45
841,2018-01-09,48.6
842,2018-01-09,68.8
843,2018-01-09,53.8
844,2018-01-09,60
845,2018-01-09,59.9
846,2018-01-09,89.4
847,2018-01-09,75.1
848,2018-01-09,68.8
849,2016-10-09,73.6
850,2016-11-09,62.4
851,2016-12-09,34.4
852,2018-01-10,57.3
853,2018-01-10,43
854,2018-01-10,67.1
855,2018-01-10,69.6
856,2018-01-10,64.8
857,2018-01-10,68.5
858,2018-01-10,82
859,2018-01-10,81.9
860,2018-01-10,62.8
861,2016-10-10,60
862,2016-11-10,74.8
863,2016-12-10,42.1
864,2018-01-11,46.5
865,2018-01-11,42.4
866,2018-01-11,61
867,2018-01-11,39.1
868,2018-01-11,60.3
869,2018-01-11,82.8
870,2018-01-11,75.6
871,2018-01-11,77.3
872,2018-01-11,63.3
873,2016-10-11,47.8
874,2016-11-11,80.4
875,2016-12-11,78.1
876,2018-01-12,47.5
877,2018-01-12,46.5
878,2018-01-12,66.3
879,2018-01-12,39.5
880,2018-01-12,78
881,2018-01-12,83
882,2018-01-12,75.6
883,2018-01-12,74.1
884,2018-01-12,70
885,2016-10-12,66.1
886,2016-11-12,75.4
887,2016-12-12,51.3
888,2018-01-13,47.65
889,2018-01-13,44
890,2018-01-13,71
891,2018-01-13,39
892,2018-01-13,73.8
893,2018-01-13,73.4
894,2018-01-13,75
895,2018-01-13,67.1
896,2018-01-13,84.6
897,2016-10-13,73.9
898,2016-11-13,77
899,2016-12-13,54.4
900,2018-01-14,72.5
901,2018-01-14,60.8
902,2018-01-14,72.4
903,2018-01-14,78.3
904,2018-01-14,64.4
905,2018-01-14,69.1
906,2018-01-14,72.1
907,2018-01-14,65
908,2018-01-14,89
909,2016-10-14,73.4
910,2016-11-14,75.5
911,2016-12-14,44.9
912,2018-01-15,65.6
913,2018-01-15,49
914,2018-01-15,91.8
915,2018-01-15,43.8
916,2018-01-15,72.4
917,2018-01-15,59.3
918,2018-01-15,69.9
919,2018-01-15,68.5
920,2018-01-15,90.1
921,2016-10-15,71.9
922,2016-11-15,74.9
923,2016-12-15,49.4
924,2018-01-16,85.6
925,2018-01-16,30.9
926,2018-01-16,65
927,2018-01-16,58.4
928,2018-01-16,93.4
929,2018-01-16,61.9
930,2018-01-16,69.5
931,2018-01-16,80.9
932,2018-01-16,78.4
933,2016-10-16,80
934,2016-11-16,87
935,2016-12-16,75.6
936,2018-01-17,87.4
937,2018-01-17,22.3
938,2018-01-17,60.8
939,2018-01-17,63.6
940,2018-01-17,91.6
941,2018-01-17,68.6
942,2018-01-17,70.9
943,2018-01-17,60.1
944,2018-01-17,75.4
945,2016-10-17,73.1
946,2016-11-17,68.8
947,2016-12-17,72.3
948,2018-01-18,80.3
949,2018-01-18,26.3
950,2018-01-18,83.3
951,2018-01-18,59.3
952,2018-01-18,83
953,2018-01-18,66.4
954,2018-01-18,69.1
955,2018-01-18,65.4
956,2018-01-18,72
957,2016-10-18,60.8
958,2016-11-18,67
959,2016-12-18,68.5
960,2018-01-19,68.8
961,2018-01-19,39.4
962,2018-01-19,89.6
963,2018-01-19,57.9
964,2018-01-19,63.6
965,2018-01-19,80.8
966,2018-01-19,67.4
967,2018-01-19,68.5
968,2018-01-19,78.1
969,2016-10-19,70.35
970,2016-11-19,62.6
971,2016-12-19,64.6
972,2018-01-20,64.3
973,2018-01-20,39.8
974,2018-01-20,54.4
975,2018-01-20,53.4
976,2018-01-20,53.6
977,2018-01-20,70.6
978,2018-01-20,67
979,2018-01-20,68.5
980,2018-01-20,89.3
981,2016-10-20,69.6
982,2016-11-20,60.3
983,2016-12-20,74.9
984,2018-01-21,61.3
985,2018-01-21,21.1
986,2018-01-21,81.9
987,2018-01-21,62.6
988,2018-01-21,64
989,2018-01-21,60.9
990,2018-01-21,65.9
991,2018-01-21,65.5
992,2018-01-21,89.8
993,2016-10-21,68.8
994,2016-11-21,63.4
995,2016-12-21,78.5
996,2018-01-22,53.4
997,2018-01-22,39.4
998,2018-01-22,61.1
999,2018-01-22,80.5
1000,2018-01-22,69.8
1001,2018-01-22,60.1
1002,2018-01-22,71
1003,2018-01-22,62.4
1004,2018-01-22,81.8
1005,2016-10-22,75
1006,2016-11-22,42
1007,2016-12-22,74
1008,2018-01-23,39.4
1009,2018-01-23,59.4
1010,2018-01-23,60
1011,2018-01-23,91.6
1012,2018-01-23,60.5
1013,2018-01-23,68.4
1014,2018-01-23,69.1
1015,2018-01-23,79.5
1016,2018-01-23,72.9
1017,2016-10-23,77.4
1018,2016-11-23,56.1
1019,2016-12-23,47.6
1020,2018-01-24,30.5
1021,2018-01-24,60.4
1022,2018-01-24,59.9
1023,2018-01-24,80.1
1024,2018-01-24,56.5
1025,2018-01-24,62
1026,2018-01-24,71.8
1027,2018-01-24,66.5
1028,2018-01-24,75.1
1029,2016-10-24,71.4
1030,2016-11-24,79.4
1031,2016-12-24,46.4
1032,2018-01-25,22.4
1033,2018-01-25,61.3
1034,2018-01-25,62.3
1035,2018-01-25,52.8
1036,2018-01-25,56.3
1037,2018-01-25,65
1038,2018-01-25,69
1039,2018-01-25,79.6
1040,2018-01-25,65.1
1041,2016-10-25,69.4
1042,2016-11-25,89
1043,2016-12-25,47.5
1044,2018-01-26,23.1
1045,2018-01-26,53.1
1046,2018-01-26,58.6
1047,2018-01-26,61.4
1048,2018-01-26,58.6
1049,2018-01-26,84.4
1050,2018-01-26,62.6
1051,2018-01-26,90.4
1052,2018-01-26,62.8
1053,2016-10-26,86
1054,2016-11-26,77.3
1055,2016-12-26,33.4
1056,2018-01-27,37.1
1057,2018-01-27,61.4
1058,2018-01-27,58.6
1059,2018-01-27,58.3
1060,2018-01-27,66.3
1061,2018-01-27,79.5
1062,2018-01-27,71.1
1063,2018-01-27,92.4
1064,2018-01-27,64.4
1065,2016-10-27,72.9
1066,2016-11-27,73.4
1067,2016-12-27,16.5
1068,2018-01-28,33.6
1069,2018-01-28,78.8
1070,2018-01-28,61.1
1071,2018-01-28,70
1072,2018-01-28,86.3
1073,2018-01-28,89.5
1074,2018-01-28,77.9
1075,2018-01-28,81.5
1076,2018-01-28,68
1077,2016-10-28,71
1078,2016-11-28,58.1
1079,2016-12-28,28.3
1080,2018-01-29,34
1081,2018-01-29,50.2
1082,2018-01-29,66.4
1083,2018-01-29,65.8
1084,2018-01-29,75.8
1085,2018-01-29,81.3
1086,2018-01-29,54.5
1087,2018-01-29,76.6
1088,2018-01-29,70.8
1089,2016-10-29,75.8
1090,2016-11-29,53.1
1091,2016-12-29,30
1092,2018-01-30,46.4
1093,2018-01-30,52.25
1094,2018-01-30,58.1
1095,2018-01-30,72.1
1096,2018-01-30,76.5
1097,2018-01-30,91
1098,2018-01-30,71
1099,2018-01-30,79.3
1100,2018-01-30,48
1101,2016-10-30,65
1102,2016-11-30,67.9
1103,2016-12-30,34.9
1104,2018-01-31,55
1105,2018-01-31,53.7
1106,2018-01-31,52.4
1107,2018-01-31,56.35
1108,2018-01-31,60.3
1109,2018-01-31,62.7
1110,2018-01-31,65.1
1111,2018-01-31,85.9
1112,2018-01-31,77.35
1113,2016-10-31,68.8
1114,2016-11-31,52.95
1115,2016-12-31,37.1
1116,2019-01-01,50.4
1117,2019-01-01,59.5
1118,2019-01-01,58.8
1119,2019-01-01,42.1
1120,2019-01-01,71
1121,2019-01-01,67.3
1122,2019-01-01,87.1
1123,2019-01-01,78.6
1124,2019-01-01,87.8
1125,2016-10-01,95.6
1126,2016-11-01,79.4
1127,2016-12-01,91.5
1128,2019-01-02,48.8
1129,2019-01-02,65.4
1130,2019-01-02,63.4
1131,2019-01-02,45.6
1132,2019-01-02,59
1133,2019-01-02,65.8
1134,2019-01-02,78
1135,2019-01-02,77.8
1136,2019-01-02,94.6
1137,2016-10-02,94.1
1138,2016-11-02,84.3
1139,2016-12-02,54.6
1140,2019-01-03,50
1141,2019-01-03,82.5
1142,2019-01-03,61
1143,2019-01-03,33
1144,2019-01-03,55.5
1145,2019-01-03,64.9
1146,2019-01-03,81.9
1147,2019-01-03,79.1
1148,2019-01-03,94.5
1149,2016-10-03,80.6
1150,2016-11-03,80.5
1151,2016-12-03,74.9
1152,2019-01-04,45.8
1153,2019-01-04,31.5
1154,2019-01-04,63.4
1155,2019-01-04,40.3
1156,2019-01-04,60.6
1157,2019-01-04,71.4
1158,2019-01-04,72.3
1159,2019-01-04,73.3
1160,2019-01-04,94.6
1161,2016-10-04,83.4
1162,2016-11-04,81.1
1163,2016-12-04,71
1164,2019-01-05,48
1165,2019-01-05,49.1
1166,2019-01-05,65.8
1167,2019-01-05,48.8
1168,2019-01-05,60.1
1169,2019-01-05,65.9
1170,2019-01-05,74.6
1171,2019-01-05,75.4
1172,2019-01-05,88.3
1173,2016-10-05,78.4
1174,2016-11-05,79.5
1175,2016-12-05,56.5
1176,2019-01-06,38.3
1177,2019-01-06,57.8
1178,2019-01-06,80.5
1179,2019-01-06,45.5
1180,2019-01-06,65.4
1181,2019-01-06,82.1
1182,2019-01-06,63.4
1183,2019-01-06,78.8
1184,2019-01-06,85.8
1185,2016-10-06,70.6
1186,2016-11-06,75.9
1187,2016-12-06,44.5
1188,2019-01-07,44
1189,2019-01-07,45.9
1190,2019-01-07,62.8
1191,2019-01-07,82.4
1192,2019-01-07,58
1193,2019-01-07,89.3
1194,2019-01-07,69
1195,2019-01-07,80.6
1196,2019-01-07,85.1
1197,2016-10-07,90.1
1198,2016-11-07,72.9
1199,2016-12-07,60.9
1200,2019-01-08,44
1201,2019-01-08,23.9
1202,2019-01-08,65.8
1203,2019-01-08,67.9
1204,2019-01-08,59.6
1205,2019-01-08,79.3
1206,2019-01-08,65.6
1207,2019-01-08,77.5
1208,2019-01-08,85.8
1209,2016-10-08,71.6
1210,2016-11-08,71.5
1211,2016-12-08,73.3
1212,2019-01-09,38.8
1213,2019-01-09,28.3
1214,2019-01-09,69.4
1215,2019-01-09,66.5
1216,2019-01-09,54.9
1217,2019-01-09,71.8
1218,2019-01-09,67.1
1219,2019-01-09,76.9
1220,2019-01-09,85.6
1221,2016-10-09,70
1222,2016-11-09,69.5
1223,2016-12-09,71.1
1224,2019-01-10,47.4
1225,2019-01-10,35.5
1226,2019-01-10,92.4
1227,2019-01-10,79.6
1228,2019-01-10,56.9
1229,2019-01-10,72.4
1230,2019-01-10,87.1
1231,2019-01-10,75.4
1232,2019-01-10,82
1233,2016-10-10,73
1234,2016-11-10,76.6
1235,2016-12-10,79.8
1236,2019-01-11,64.1
1237,2019-01-11,34.4
1238,2019-01-11,79.9
1239,2019-01-11,76.5
1240,2019-01-11,55.8
1241,2019-01-11,75.9
1242,2019-01-11,80.5
1243,2019-01-11,75.5
1244,2019-01-11,83.8
1245,2016-10-11,63.6
1246,2016-11-11,68.4
1247,2016-12-11,67.4
1248,2019-01-12,83.6
1249,2019-01-12,48
1250,2019-01-12,65.9
1251,2019-01-12,63.9
1252,2019-01-12,55.3
1253,2019-01-12,71.8
1254,2019-01-12,73.4
1255,2019-01-12,79.5
1256,2019-01-12,88
1257,2016-10-12,54.1
1258,2016-11-12,77.9
1259,2016-12-12,45.1
1260,2019-01-13,76.6
1261,2019-01-13,34.1
1262,2019-01-13,38.4
1263,2019-01-13,58.4
1264,2019-01-13,65.5
1265,2019-01-13,72.3
1266,2019-01-13,87.6
1267,2019-01-13,81.1
1268,2019-01-13,75.4
1269,2016-10-13,61.4
1270,2016-11-13,68.8
1271,2016-12-13,63.4
1272,2019-01-14,65.9
1273,2019-01-14,37
1274,2019-01-14,54.3
1275,2019-01-14,54.6
1276,2019-01-14,72
1277,2019-01-14,82.9
1278,2019-01-14,80.3
1279,2019-01-14,71.8
1280,2019-01-14,77.5
1281,2016-10-14,75.4
1282,2016-11-14,47.9
1283,2016-12-14,59.6
1284,2019-01-15,55.9
1285,2019-01-15,52.3
1286,2019-01-15,65.4
1287,2019-01-15,52.8
1288,2019-01-15,70.3
1289,2019-01-15,67.6
1290,2019-01-15,79.1
1291,2019-01-15,75.6
1292,2019-01-15,77.6
1293,2016-10-15,75.6
1294,2016-11-15,66.9
1295,2016-12-15,69
1296,2019-01-16,30.1
1297,2019-01-16,44.3
1298,2019-01-16,64.8
1299,2019-01-16,54.5
1300,2019-01-16,64.8
1301,2019-01-16,70.8
1302,2019-01-16,81.1
1303,2019-01-16,71.4
1304,2019-01-16,71.6
1305,2016-10-16,76.4
1306,2016-11-16,80.4
1307,2016-12-16,80.6
1308,2019-01-17,51.5
1309,2019-01-17,41.1
1310,2019-01-17,61.5
1311,2019-01-17,62.4
1312,2019-01-17,67.5
1313,2019-01-17,73.9
1314,2019-01-17,78
1315,2019-01-17,73.8
1316,2019-01-17,69.4
1317,2016-10-17,80.8
1318,2016-11-17,93.4
1319,2016-12-17,83.3
1320,2019-01-18,56.6
1321,2019-01-18,44
1322,2019-01-18,63.9
1323,2019-01-18,72
1324,2019-01-18,93.6
1325,2019-01-18,76
1326,2019-01-18,91.3
1327,2019-01-18,70.3
1328,2019-01-18,67.4
1329,2016-10-18,87.4
1330,2016-11-18,64.1
1331,2016-12-18,57.8
1332,2019-01-19,61.6
1333,2019-01-19,85.9
1334,2019-01-19,59.6
1335,2019-01-19,82
1336,2019-01-19,95
1337,2019-01-19,77.6
1338,2019-01-19,94.5
1339,2019-01-19,74.6
1340,2019-01-19,72.3
1341,2016-10-19,80.9
1342,2016-11-19,63
1343,2016-12-19,47.1
1344,2019-01-20,49.4
1345,2019-01-20,58.5
1346,2019-01-20,81.4
1347,2019-01-20,71.5
1348,2019-01-20,67.8
1349,2019-01-20,72.3
1350,2019-01-20,93.9
1351,2019-01-20,72
1352,2019-01-20,72.1
1353,2016-10-20,80.1
1354,2016-11-20,55.9
1355,2016-12-20,58.9
1356,2019-01-21,55.1
1357,2019-01-21,57.8
1358,2019-01-21,58.4
1359,2019-01-21,74.5
1360,2019-01-21,46.9
1361,2019-01-21,69.9
1362,2019-01-21,87.3
1363,2019-01-21,82.8
1364,2019-01-21,93.5
1365,2016-10-21,78.6
1366,2016-11-21,57
1367,2016-12-21,71.4
1368,2019-01-22,62.3
1369,2019-01-22,64
1370,2019-01-22,40.9
1371,2019-01-22,73.5
1372,2019-01-22,57
1373,2019-01-22,75.4
1374,2019-01-22,85.1
1375,2019-01-22,87
1376,2019-01-22,88.4
1377,2016-10-22,80.4
1378,2016-11-22,71.9
1379,2016-12-22,72.9
1380,2019-01-23,55.8
1381,2019-01-23,62.1
1382,2019-01-23,41.8
1383,2019-01-23,90.1
1384,2019-01-23,61.3
1385,2019-01-23,71.9
1386,2019-01-23,82.5
1387,2019-01-23,82.1
1388,2019-01-23,86.6
1389,2016-10-23,80.3
1390,2016-11-23,80
1391,2016-12-23,73.3
1392,2019-01-24,50.9
1393,2019-01-24,65
1394,2019-01-24,55.6
1395,2019-01-24,93.3
1396,2019-01-24,64.8
1397,2019-01-24,76.3
1398,2019-01-24,86.3
1399,2019-01-24,74.4
1400,2019-01-24,79.6
1401,2016-10-24,69.8
1402,2016-11-24,84.3
1403,2016-12-24,70.9
1404,2019-01-25,45.1
1405,2019-01-25,56
1406,2019-01-25,64.9
1407,2019-01-25,95.4
1408,2019-01-25,62.4
1409,2019-01-25,71.9
1410,2019-01-25,88.6
1411,2019-01-25,84.9
1412,2019-01-25,80.4
1413,2016-10-25,78.6
1414,2016-11-25,56.8
1415,2016-12-25,61.3
1416,2019-01-26,27.6
1417,2019-01-26,49.4
1418,2019-01-26,59.8
1419,2019-01-26,80.1
1420,2019-01-26,66.9
1421,2019-01-26,93.4
1422,2019-01-26,87.3
1423,2019-01-26,77.5
1424,2019-01-26,81.6
1425,2016-10-26,64.1
1426,2016-11-26,69.1
1427,2016-12-26,72
1428,2019-01-27,48.3
1429,2019-01-27,67.8
1430,2019-01-27,55.5
1431,2019-01-27,71.1
1432,2019-01-27,90.5
1433,2019-01-27,88.5
1434,2019-01-27,90.1
1435,2019-01-27,92.8
1436,2019-01-27,84.6
1437,2016-10-27,74.5
1438,2016-11-27,65.3
1439,2016-12-27,45.1
1440,2019-01-28,44.9
1441,2019-01-28,64.6
1442,2019-01-28,68
1443,2019-01-28,76.5
1444,2019-01-28,50.8
1445,2019-01-28,81.5
1446,2019-01-28,82.6
1447,2019-01-28,88.8
1448,2019-01-28,91.1
1449,2016-10-28,74.4
1450,2016-11-28,69.4
1451,2016-12-28,65
1452,2019-01-29,49.5
1453,2019-01-29,63.25
1454,2019-01-29,77
1455,2019-01-29,94
1456,2019-01-29,54.1
1457,2019-01-29,94.5
1458,2019-01-29,81
1459,2019-01-29,89.8
1460,2019-01-29,86
1461,2016-10-29,72.4
1462,2016-11-29,60.9
1463,2016-12-29,78.6
1464,2019-01-30,46.5
1465,2019-01-30,50
1466,2019-01-30,53.5
1467,2019-01-30,85
1468,2019-01-30,54.4
1469,2019-01-30,86.1
1470,2019-01-30,80.4
1471,2019-01-30,74.6
1472,2019-01-30,84.8
1473,2016-10-30,77.4
1474,2016-11-30,59.1
1475,2016-12-30,84.1
1476,2019-01-31,71.6
1477,2019-01-31,54.7
1478,2019-01-31,37.8
1479,2019-01-31,57.05
1480,2019-01-31,76.3
1481,2019-01-31,77.8
1482,2019-01-31,79.3
1483,2019-01-31,77.1
1484,2019-01-31,77.2
1485,2016-10-31,77.3
1486,2016-11-31,56.3
1487,2016-12-31,35.3
1488,2020-01-01,56.1
1489,2020-01-01,70.3
1490,2020-01-01,74.1
1491,2020-01-01,46.8
1492,2020-01-01,74.1
1493,2020-01-01,63.1
1494,2020-01-01,77.4
1495,2020-01-01,85.1
1496,2020-01-01,79.6
1497,2016-10-01,75.4
1498,2016-11-01,82.9
1499,2016-12-01,52.4
1500,2020-01-02,74
1501,2020-01-02,74.1
1502,2020-01-02,43.6
1503,2020-01-02,44.6
1504,2020-01-02,81.5
1505,2020-01-02,56.6
1506,2020-01-02,81.4
1507,2020-01-02,84.6
1508,2020-01-02,91
1509,2016-10-02,82.1
1510,2016-11-02,79.6
1511,2016-12-02,52.4
1512,2020-01-03,71.9
1513,2020-01-03,65
1514,2020-01-03,67.6
1515,2020-01-03,47.9
1516,2020-01-03,94.9
1517,2020-01-03,77.3
1518,2020-01-03,91.4
1519,2020-01-03,84.9
1520,2020-01-03,66.6
1521,2016-10-03,77.4
1522,2016-11-03,57
1523,2016-12-03,54.5
1524,2020-01-04,67.4
1525,2020-01-04,60.9
1526,2020-01-04,52
1527,2020-01-04,42.1
1528,2020-01-04,81
1529,2020-01-04,76.6
1530,2020-01-04,84.5
1531,2020-01-04,85.8
1532,2020-01-04,81.3
1533,2016-10-04,82.8
1534,2016-11-04,64.6
1535,2016-12-04,48
1536,2020-01-05,61.6
1537,2020-01-05,35.5
1538,2020-01-05,46.8
1539,2020-01-05,43.8
1540,2020-01-05,81.1
1541,2020-01-05,72.3
1542,2020-01-05,83.8
1543,2020-01-05,90.4
1544,2020-01-05,92.9
1545,2016-10-05,52.1
1546,2016-11-05,63.5
1547,2016-12-05,66.9
1548,2020-01-06,85.3
1549,2020-01-06,31.5
1550,2020-01-06,57.5
1551,2020-01-06,51.1
1552,2020-01-06,63.5
1553,2020-01-06,77.9
1554,2020-01-06,92.8
1555,2020-01-06,89.3
1556,2020-01-06,89.1
1557,2016-10-06,62.1
1558,2016-11-06,74.4
1559,2016-12-06,73.1
1560,2020-01-07,93.6
1561,2020-01-07,40.9
1562,2020-01-07,86.6
1563,2020-01-07,51.3
1564,2020-01-07,53.5
1565,2020-01-07,71.3
1566,2020-01-07,84.9
1567,2020-01-07,95
1568,2020-01-07,81.1
1569,2016-10-07,60.5
1570,2016-11-07,77.9
1571,2016-12-07,77.6
1572,2020-01-08,66.4
1573,2020-01-08,49.3
1574,2020-01-08,75.1
1575,2020-01-08,37.3
1576,2020-01-08,66.6
1577,2020-01-08,63.6
1578,2020-01-08,80.3
1579,2020-01-08,94.4
1580,2020-01-08,79.9
1581,2016-10-08,57
1582,2016-11-08,51
1583,2016-12-08,61.9
1584,2020-01-09,63.9
1585,2020-01-09,50.4
1586,2020-01-09,85
1587,2020-01-09,42
1588,2020-01-09,92.6
1589,2020-01-09,67.6
1590,2020-01-09,90.6
1591,2020-01-09,84.6
1592,2020-01-09,85.6
1593,2016-10-09,53.1
1594,2016-11-09,42.9
1595,2016-12-09,63
1596,2020-01-10,70.6
1597,2020-01-10,64.5
1598,2020-01-10,79.3
1599,2020-01-10,65.8
1600,2020-01-10,72.1
1601,2020-01-10,75.8
1602,2020-01-10,91.6
1603,2020-01-10,95.3
1604,2020-01-10,82.9
1605,2016-10-10,64.4
1606,2016-11-10,56.8
1607,2016-12-10,61.6
1608,2020-01-11,66.4
1609,2020-01-11,62.9
1610,2020-01-11,56.6
1611,2020-01-11,79.3
1612,2020-01-11,58.8
1613,2020-01-11,85.9
1614,2020-01-11,87.3
1615,2020-01-11,89.8
1616,2020-01-11,88.5
1617,2016-10-11,72.8
1618,2016-11-11,63.8
1619,2016-12-11,73.3
1620,2020-01-12,60.5
1621,2020-01-12,93.9
1622,2020-01-12,56.8
1623,2020-01-12,73
1624,2020-01-12,44.3
1625,2020-01-12,87.5
1626,2020-01-12,95.1
1627,2020-01-12,88.6
1628,2020-01-12,82.4
1629,2016-10-12,73
1630,2016-11-12,72.5
1631,2016-12-12,53.5
1632,2020-01-13,68.8
1633,2020-01-13,85.1
1634,2020-01-13,52.6
1635,2020-01-13,49.6
1636,2020-01-13,51.8
1637,2020-01-13,91.9
1638,2020-01-13,98.9
1639,2020-01-13,84.5
1640,2020-01-13,86.8
1641,2016-10-13,63.1
1642,2016-11-13,74.4
1643,2016-12-13,56
1644,2020-01-14,58.9
1645,2020-01-14,73.6
1646,2020-01-14,24.1
1647,2020-01-14,54.8
1648,2020-01-14,55.3
1649,2020-01-14,90.9
1650,2020-01-14,96.3
1651,2020-01-14,82.5
1652,2020-01-14,83
1653,2016-10-14,63.5
1654,2016-11-14,82.3
1655,2016-12-14,33.8
1656,2020-01-15,63.9
1657,2020-01-15,76.4
1658,2020-01-15,46.1
1659,2020-01-15,54.9
1660,2020-01-15,91.9
1661,2020-01-15,75.1
1662,2020-01-15,97.8
1663,2020-01-15,79.4
1664,2020-01-15,80
1665,2016-10-15,50.1
1666,2016-11-15,79.6
1667,2016-12-15,39.5
1668,2020-01-16,52.8
1669,2020-01-16,64
1670,2020-01-16,42.8
1671,2020-01-16,68.1
1672,2020-01-16,84.8
1673,2020-01-16,64.9
1674,2020-01-16,83.1
1675,2020-01-16,81.5
1676,2020-01-16,91.6
1677,2016-10-16,73.6
1678,2016-11-16,73.4
1679,2016-12-16,51.4
1680,2020-01-17,51.1
1681,2020-01-17,51.1
1682,2020-01-17,54.4
1683,2020-01-17,90.8
1684,2020-01-17,82.6
1685,2020-01-17,77.9
1686,2020-01-17,81.9
1687,2020-01-17,81.3
1688,2020-01-17,92.6
1689,2016-10-17,71.3
1690,2016-11-17,77.3
1691,2016-12-17,58.8
1692,2020-01-18,51.6
1693,2020-01-18,48.3
1694,2020-01-18,58.8
1695,2020-01-18,70.3
1696,2020-01-18,89
1697,2020-01-18,95.9
1698,2020-01-18,84.8
1699,2020-01-18,79.5
1700,2020-01-18,87.6
1701,2016-10-18,72
1702,2016-11-18,86.5
1703,2016-12-18,59.3
1704,2020-01-19,65.9
1705,2020-01-19,54.9
1706,2020-01-19,50.1
1707,2020-01-19,90.3
1708,2020-01-19,75.5
1709,2020-01-19,77.1
1710,2020-01-19,94.1
1711,2020-01-19,78.5
1712,2020-01-19,74.5
1713,2016-10-19,69.4
1714,2016-11-19,84.3
1715,2016-12-19,27.3
1716,2020-01-20,66.9
1717,2020-01-20,58.9
1718,2020-01-20,36.6
1719,2020-01-20,68.5
1720,2020-01-20,72.3
1721,2020-01-20,80.4
1722,2020-01-20,88
1723,2020-01-20,77.4
1724,2020-01-20,71.8
1725,2016-10-20,68.9
1726,2016-11-20,71.3
1727,2016-12-20,47.4
1728,2020-01-21,53
1729,2020-01-21,70.4
1730,2020-01-21,62.3
1731,2020-01-21,36.9
1732,2020-01-21,75.8
1733,2020-01-21,78.8
1734,2020-01-21,84.4
1735,2020-01-21,80.8
1736,2020-01-21,71.1
1737,2016-10-21,85
1738,2016-11-21,70.5
1739,2016-12-21,68.4
1740,2020-01-22,76
1741,2020-01-22,52.9
1742,2020-01-22,75.1
1743,2020-01-22,40.6
1744,2020-01-22,72.9
1745,2020-01-22,76.4
1746,2020-01-22,95.3
1747,2020-01-22,79.1
1748,2020-01-22,75.6
1749,2016-10-22,77.6
1750,2016-11-22,80.3
1751,2016-12-22,76.3
1752,2020-01-23,93.4
1753,2020-01-23,59.1
1754,2020-01-23,46.6
1755,2020-01-23,51
1756,2020-01-23,72.4
1757,2020-01-23,75.1
1758,2020-01-23,96.8
1759,2020-01-23,79.5
1760,2020-01-23,70.5
1761,2016-10-23,53.1
1762,2016-11-23,59
1763,2016-12-23,78.4
1764,2020-01-24,77.4
1765,2020-01-24,66
1766,2020-01-24,56.8
1767,2020-01-24,42.3
1768,2020-01-24,80.3
1769,2020-01-24,92.8
1770,2020-01-24,92.5
1771,2020-01-24,79.1
1772,2020-01-24,70.8
1773,2016-10-24,63.5
1774,2016-11-24,59.8
1775,2016-12-24,58.3
1776,2020-01-25,82.4
1777,2020-01-25,94.5
1778,2020-01-25,58.9
1779,2020-01-25,58.8
1780,2020-01-25,74.4
1781,2020-01-25,94.9
1782,2020-01-25,95.6
1783,2020-01-25,77.8
1784,2020-01-25,74.6
1785,2016-10-25,74
1786,2016-11-25,59.6
1787,2016-12-25,55
1788,2020-01-26,72.4
1789,2020-01-26,79.1
1790,2020-01-26,88.8
1791,2020-01-26,52.4
1792,2020-01-26,78
1793,2020-01-26,76.4
1794,2020-01-26,81.3
1795,2020-01-26,85
1796,2020-01-26,73.8
1797,2016-10-26,74
1798,2016-11-26,62.5
1799,2016-12-26,65.8
1800,2020-01-27,89.6
1801,2020-01-27,67.6
1802,2020-01-27,79.6
1803,2020-01-27,50.8
1804,2020-01-27,63.3
1805,2020-01-27,82.1
1806,2020-01-27,94.9
1807,2020-01-27,88.8
1808,2020-01-27,75.5
1809,2016-10-27,73.8
1810,2016-11-27,60.3
1811,2016-12-27,83
1812,2020-01-28,70.4
1813,2020-01-28,84.5
1814,2020-01-28,59.3
1815,2020-01-28,54.3
1816,2020-01-28,66.5
1817,2020-01-28,78.5
1818,2020-01-28,94.9
1819,2020-01-28,90.1
1820,2020-01-28,76
1821,2016-10-28,80.9
1822,2016-11-28,51.3
1823,2016-12-28,94.6
1824,2020-01-29,81.6
1825,2020-01-29,83.1
1826,2020-01-29,65.8
1827,2020-01-29,51.4
1828,2020-01-29,65.5
1829,2020-01-29,92.3
1830,2020-01-29,95.6
1831,2020-01-29,86.9
1832,2020-01-29,78.1
1833,2016-10-29,65
1834,2016-11-29,60.9
1835,2016-12-29,87
1836,2020-01-30,72.6
1837,2020-01-30,68.45
1838,2020-01-30,64.3
1839,2020-01-30,68
1840,2020-01-30,61.8
1841,2020-01-30,77
1842,2020-01-30,93.8
1843,2020-01-30,83.8
1844,2020-01-30,72.8
1845,2016-10-30,69.1
1846,2016-11-30,55.9
1847,2016-12-30,49.9
1848,2020-01-31,73.1
1849,2020-01-31,69.5
1850,2020-01-31,65.9
1851,2020-01-31,69.85
1852,2020-01-31,73.8
1853,2020-01-31,81.05
1854,2020-01-31,88.3
1855,2020-01-31,81.9
1856,2020-01-31,78.65
1857,2016-10-31,75.4
1858,2016-11-31,63.15
1859,2016-12-31,50.9
1860,2021-01-01,65.3
1861,2021-01-01,84.5
1862,2021-01-01,95.4
1863,2021-01-01,53.3
1864,2021-01-01,78.8
1865,2021-01-01,66.3
1866,2021-01-01,75.8
1867,2021-01-01,81.5
1868,2021-01-01,89
1869,2016-10-01,83.8
1870,2016-11-01,77.1
1871,2016-12-01,49.4
1872,2021-01-02,56.5
1873,2021-01-02,36
1874,2021-01-02,76.3
1875,2021-01-02,56.9
1876,2021-01-02,68.9
1877,2021-01-02,72.8
1878,2021-01-02,74.8
1879,2021-01-02,81.1
1880,2021-01-02,92.1
1881,2016-10-02,83.3
1882,2016-11-02,78.4
1883,2016-12-02,64.6
1884,2021-01-03,40.9
1885,2021-01-03,56.3
1886,2021-01-03,71.6
1887,2021-01-03,91
1888,2021-01-03,69.5
1889,2021-01-03,96.8
1890,2021-01-03,90.4
1891,2021-01-03,81.6
1892,2021-01-03,92.6
1893,2016-10-03,85.3
1894,2016-11-03,75.9
1895,2016-12-03,56.5
1896,2021-01-04,60.5
1897,2021-01-04,50.3
1898,2021-01-04,90
1899,2021-01-04,91.1
1900,2021-01-04,90.5
1901,2021-01-04,69.4
1902,2021-01-04,82.4
1903,2021-01-04,75.5
1904,2021-01-04,82.9
1905,2016-10-04,84.9
1906,2016-11-04,80.5
1907,2016-12-04,63.5
1908,2021-01-05,51.9
1909,2021-01-05,52.5
1910,2021-01-05,77.5
1911,2021-01-05,58.9
1912,2021-01-05,56.5
1913,2021-01-05,79
1914,2021-01-05,96
1915,2021-01-05,75.6
1916,2021-01-05,83.4
1917,2016-10-05,87.4
1918,2016-11-05,80
1919,2016-12-05,75.9
1920,2021-01-06,48
1921,2021-01-06,70.6
1922,2021-01-06,74.8
1923,2021-01-06,60
1924,2021-01-06,59.3
1925,2021-01-06,78
1926,2021-01-06,98.3
1927,2021-01-06,72
1928,2021-01-06,90.5
1929,2016-10-06,82.8
1930,2016-11-06,77.1
1931,2016-12-06,80.4
1932,2021-01-07,41.6
1933,2021-01-07,65.1
1934,2021-01-07,71
1935,2021-01-07,58.6
1936,2021-01-07,69
1937,2021-01-07,78.5
1938,2021-01-07,96.3
1939,2021-01-07,73.3
1940,2021-01-07,92.5
1941,2016-10-07,83.6
1942,2016-11-07,76.3
1943,2016-12-07,71.6
1944,2021-01-08,48
1945,2021-01-08,28.6
1946,2021-01-08,71.5
1947,2021-01-08,64.1
1948,2021-01-08,60.4
1949,2021-01-08,75.9
1950,2021-01-08,93.8
1951,2021-01-08,88.1
1952,2021-01-08,82.6
1953,2016-10-08,84.4
1954,2016-11-08,90.6
1955,2016-12-08,76.3
1956,2021-01-09,52.9
1957,2021-01-09,46.6
1958,2021-01-09,70
1959,2021-01-09,66
1960,2021-01-09,50.8
1961,2021-01-09,69.4
1962,2021-01-09,90.1
1963,2021-01-09,72.6
1964,2021-01-09,84.8
1965,2016-10-09,83.8
1966,2016-11-09,71.6
1967,2016-12-09,82
1968,2021-01-10,66.8
1969,2021-01-10,57.9
1970,2021-01-10,63.8
1971,2021-01-10,67.5
1972,2021-01-10,55
1973,2021-01-10,76.4
1974,2021-01-10,86
1975,2021-01-10,81.9
1976,2021-01-10,91.9
1977,2016-10-10,86.1
1978,2016-11-10,69.5
1979,2016-12-10,86.4
1980,2021-01-11,69.1
1981,2021-01-11,67.8
1982,2021-01-11,71.1
1983,2021-01-11,58.4
1984,2021-01-11,65.8
1985,2021-01-11,95.1
1986,2021-01-11,85.4
1987,2021-01-11,84.6
1988,2021-01-11,84.5
1989,2016-10-11,95.9
1990,2016-11-11,75.3
1991,2016-12-11,81.1
1992,2021-01-12,66.6
1993,2021-01-12,63.9
1994,2021-01-12,90.1
1995,2021-01-12,88.8
1996,2021-01-12,60.1
1997,2021-01-12,86.8
1998,2021-01-12,85.5
1999,2021-01-12,84
2000,2021-01-12,86
2001,2016-10-12,92.6
2002,2016-11-12,76
2003,2016-12-12,62
2004,2021-01-13,67.4
2005,2021-01-13,57.5
2006,2021-01-13,75
2007,2021-01-13,62.3
2008,2021-01-13,67.4
2009,2021-01-13,84.9
2010,2021-01-13,86.3
2011,2021-01-13,86.9
2012,2021-01-13,78.1
2013,2016-10-13,81.8
2014,2016-11-13,83.3
2015,2016-12-13,46.5
2016,2021-01-14,69.9
2017,2021-01-14,76.4
2018,2021-01-14,74.1
2019,2021-01-14,44.9
2020,2021-01-14,74
2021,2021-01-14,85
2022,2021-01-14,85.5
2023,2021-01-14,88.1
2024,2021-01-14,82.1
2025,2016-10-14,86.3
2026,2016-11-14,82.1
2027,2016-12-14,66.4
2028,2021-01-15,74.8
2029,2021-01-15,66.1
2030,2021-01-15,77.4
2031,2021-01-15,58.1
2032,2021-01-15,94.1
2033,2021-01-15,93.1
2034,2021-01-15,87.8
2035,2021-01-15,77
2036,2021-01-15,64.3
2037,2016-10-15,83
2038,2016-11-15,82.6
2039,2016-12-15,81.4
2040,2021-01-16,48.6
2041,2021-01-16,57.5
2042,2021-01-16,64.5
2043,2021-01-16,73.4
2044,2021-01-16,96.1
2045,2021-01-16,82.5
2046,2021-01-16,91.9
2047,2021-01-16,76.3
2048,2021-01-16,83.8
2049,2016-10-16,69.1
2050,2016-11-16,78
2051,2016-12-16,94.4
2052,2021-01-17,38.1
2053,2021-01-17,40.4
2054,2021-01-17,61
2055,2021-01-17,55.3
2056,2021-01-17,95.9
2057,2021-01-17,81.6
2058,2021-01-17,84.6
2059,2021-01-17,75.9
2060,2021-01-17,85.3
2061,2016-10-17,52.1
2062,2016-11-17,73.8
2063,2016-12-17,54.3
2064,2021-01-18,60.1
2065,2021-01-18,47.1
2066,2021-01-18,72.6
2067,2021-01-18,52
2068,2021-01-18,89.5
2069,2021-01-18,92.5
2070,2021-01-18,81.3
2071,2021-01-18,75.8
2072,2021-01-18,79.1
2073,2016-10-18,66.1
2074,2016-11-18,77.6
2075,2016-12-18,40.6
2076,2021-01-19,44
2077,2021-01-19,57.6
2078,2021-01-19,62.6
2079,2021-01-19,50.1
2080,2021-01-19,70.5
2081,2021-01-19,74.8
2082,2021-01-19,86.1
2083,2021-01-19,77.6
2084,2021-01-19,80.6
2085,2016-10-19,69.1
2086,2016-11-19,79.5
2087,2016-12-19,64.4
2088,2021-01-20,64
2089,2021-01-20,61.6
2090,2021-01-20,92.9
2091,2021-01-20,56.6
2092,2021-01-20,96.5
2093,2021-01-20,78.8
2094,2021-01-20,84.9
2095,2021-01-20,84.5
2096,2021-01-20,83.9
2097,2016-10-20,73.6
2098,2016-11-20,83.3
2099,2016-12-20,65.6
2100,2021-01-21,77.8
2101,2021-01-21,58.6
2102,2021-01-21,54.9
2103,2021-01-21,57.1
2104,2021-01-21,71.1
2105,2021-01-21,68
2106,2021-01-21,80.3
2107,2021-01-21,95.8
2108,2021-01-21,89.3
2109,2016-10-21,79.5
2110,2016-11-21,86.4
2111,2016-12-21,74.3
2112,2021-01-22,97.5
2113,2021-01-22,55.3
2114,2021-01-22,40.6
2115,2021-01-22,57.9
2116,2021-01-22,74.8
2117,2021-01-22,85.1
2118,2021-01-22,80
2119,2021-01-22,85.1
2120,2021-01-22,83.4
2121,2016-10-22,64.3
2122,2016-11-22,59
2123,2016-12-22,68.8
2124,2021-01-23,87.9
2125,2021-01-23,29.5
2126,2021-01-23,55.8
2127,2021-01-23,46.1
2128,2021-01-23,71.3
2129,2021-01-23,86.3
2130,2021-01-23,80.1
2131,2021-01-23,97.6
2132,2021-01-23,77.8
2133,2016-10-23,74.6
2134,2016-11-23,66.6
2135,2016-12-23,62.6
2136,2021-01-24,70.4
2137,2021-01-24,40.5
2138,2021-01-24,67.4
2139,2021-01-24,60
2140,2021-01-24,72.4
2141,2021-01-24,81.3
2142,2021-01-24,80.4
2143,2021-01-24,91.1
2144,2021-01-24,78.4
2145,2016-10-24,79.3
2146,2016-11-24,63.5
2147,2016-12-24,66.5
2148,2021-01-25,75.8
2149,2021-01-25,77.5
2150,2021-01-25,64.3
2151,2021-01-25,64.4
2152,2021-01-25,57
2153,2021-01-25,78.5
2154,2021-01-25,78.5
2155,2021-01-25,95.1
2156,2021-01-25,83.5
2157,2016-10-25,76.8
2158,2016-11-25,65.5
2159,2016-12-25,32.5
2160,2021-01-26,94.5
2161,2021-01-26,67.9
2162,2021-01-26,58.4
2163,2021-01-26,58.9
2164,2021-01-26,61.6
2165,2021-01-26,78.1
2166,2021-01-26,77.1
2167,2021-01-26,85.5
2168,2021-01-26,73
2169,2016-10-26,76.9
2170,2016-11-26,61.8
2171,2016-12-26,33.9
2172,2021-01-27,61.5
2173,2021-01-27,58.6
2174,2021-01-27,90.9
2175,2021-01-27,70.4
2176,2021-01-27,77.9
2177,2021-01-27,76.9
2178,2021-01-27,77.8
2179,2021-01-27,88.6
2180,2021-01-27,73.6
2181,2016-10-27,78.6
2182,2016-11-27,66.5
2183,2016-12-27,56.3
2184,2021-01-28,58.1
2185,2021-01-28,77.1
2186,2021-01-28,67.9
2187,2021-01-28,70.1
2188,2021-01-28,75.1
2189,2021-01-28,75.3
2190,2021-01-28,78.5
2191,2021-01-28,82.3
2192,2021-01-28,83.4
2193,2016-10-28,72.9
2194,2016-11-28,66.4
2195,2016-12-28,70.8
2196,2021-01-29,39.4
2197,2021-01-29,49.4
2198,2021-01-29,59.4
2199,2021-01-29,53.1
2200,2021-01-29,73.4
2201,2021-01-29,77.3
2202,2021-01-29,78
2203,2021-01-29,91
2204,2021-01-29,96.6
2205,2016-10-29,76.4
2206,2016-11-29,71.4
2207,2016-12-29,67.1
2208,2021-01-30,69.4
2209,2021-01-30,60.85
2210,2021-01-30,52.3
2211,2021-01-30,47.1
2212,2021-01-30,67.9
2213,2021-01-30,77.5
2214,2021-01-30,80
2215,2021-01-30,85.8
2216,2021-01-30,88.9
2217,2016-10-30,81.8
2218,2016-11-30,82.4
2219,2016-12-30,51.4
2220,2021-01-31,74.6
2221,2021-01-31,69.8
2222,2021-01-31,65
2223,2021-01-31,67.3
2224,2021-01-31,69.6
2225,2021-01-31,76.5
2226,2021-01-31,83.4
2227,2021-01-31,84.4
2228,2021-01-31,82.4
2229,2016-10-31,80.4
2230,2016-11-31,56.85
2231,2016-12-31,33.3
