,date,avg,max,min,rain
0,2016-01-01,-0.1,8.7,-6.7,0
1,2016-01-02,1.8,10.8,-3.6,0
2,2016-01-03,4.0,14.5,-2.2,0
3,2016-01-04,4.8,15.0,-0.3,0
4,2016-01-05,0.5,4.9,-2.6,0.0
5,2016-01-06,1.8,8.8,-5.1,0
6,2016-01-07,1.0,7.5,-3.6,0
7,2016-01-08,0.0,7.0,-4.9,0
8,2016-01-09,-0.3,8.0,-6.9,0
9,2016-01-10,0.0,9.1,-6.6,0
10,2016-01-11,1.2,8.6,-4.5,0
11,2016-01-12,-0.1,7.2,-6.9,0
12,2016-01-13,-1.7,5.3,-7.7,0
13,2016-01-14,-1.1,6.4,-5.9,0
14,2016-01-15,-0.8,8.6,-7.6,0
15,2016-01-16,1.1,8.6,-3.9,0
16,2016-01-17,2.8,7.6,-1.9,1.4
17,2016-01-18,0.7,5.0,-4.0,0
18,2016-01-19,-3.0,-0.2,-5.8,0
19,2016-01-20,-3.8,1.6,-8.2,0
20,2016-01-21,-2.1,2.9,-6.6,0
21,2016-01-22,-0.9,5.6,-7.9,0
22,2016-01-23,-3.8,-0.2,-8.9,0
23,2016-01-24,-8.3,-5.4,-10.2,0.5
24,2016-01-25,-5.3,2.7,-12.8,0
25,2016-01-26,-3.2,5.7,-10.9,0
26,2016-01-27,-1.1,8.4,-8.1,0
27,2016-01-28,0.9,4.0,-4.6,19.4
28,2016-01-29,3.1,3.8,1.7,14.1
29,2016-01-30,3.7,7.5,-1.6,0
30,2016-01-31,1.4,6.7,-3.4,0
31,2016-02-01,-0.6,5.0,-4.1,0
32,2016-02-02,-2.3,6.2,-9.1,0
33,2016-02-03,-1.7,7.7,-9.3,0
34,2016-02-04,-0.2,7.7,-7.7,0
35,2016-02-05,1.3,9.6,-6.5,0
36,2016-02-06,-0.3,5.9,-6.7,0
37,2016-02-07,-1.6,7.1,-8.8,0
38,2016-02-08,1.9,8.5,-8.6,0
39,2016-02-09,4.9,9.3,-2.0,0
40,2016-02-10,1.7,12.0,-6.2,0
41,2016-02-11,6.1,14.4,-3.0,0
42,2016-02-12,9.2,14.4,5.8,62.8
43,2016-02-13,12.0,15.3,9.3,9.9
44,2016-02-14,4.1,14.6,-1.8,0
45,2016-02-15,-1.5,2.3,-4.4,0
46,2016-02-16,0.2,5.4,-6.3,0
47,2016-02-17,1.7,8.1,-3.4,0
48,2016-02-18,2.3,10.3,-6.1,0
49,2016-02-19,5.0,13.7,-2.7,0
50,2016-02-20,6.0,12.7,1.8,0
51,2016-02-21,2.1,8.2,-3.6,0
52,2016-02-22,3.4,7.0,-2.0,0
53,2016-02-23,5.5,11.9,-0.1,0
54,2016-02-24,1.4,7.1,-4.0,0
55,2016-02-25,0.8,7.6,-4.2,0
56,2016-02-26,1.8,8.3,-5.9,0
57,2016-02-27,7.9,14.2,0.8,0.7
58,2016-02-28,6.1,13.6,-0.7,3.0
59,2016-02-29,-0.2,3.5,-4.6,0
60,2016-03-01,-0.8,6.8,-7.7,0
61,2016-03-02,3.8,11.8,-6.8,0
62,2016-03-03,6.7,16.0,-3.4,0.0
63,2016-03-04,8.2,9.7,6.6,36.1
64,2016-03-05,12.1,15.7,8.5,43.1
65,2016-03-06,13.7,19.5,8.3,1.3
66,2016-03-07,11.0,17.7,6.8,0
67,2016-03-08,8.0,11.3,3.4,3.3
68,2016-03-09,5.2,12.6,1.2,6.8
69,2016-03-10,3.0,8.5,-1.3,0
70,2016-03-11,2.0,8.4,-3.3,0
71,2016-03-12,2.7,10.1,-5.4,0
72,2016-03-13,4.7,8.8,1.0,0
73,2016-03-14,5.5,13.9,-1.7,0
74,2016-03-15,5.9,14.5,-3.3,0
75,2016-03-16,8.4,16.7,2.8,0
76,2016-03-17,9.3,18.7,-1.1,0
77,2016-03-18,9.8,12.1,7.9,27.6
78,2016-03-19,11.5,18.9,6.1,0
79,2016-03-20,9.5,13.6,6.4,0
80,2016-03-21,9.3,16.6,3.5,0
81,2016-03-22,9.6,18.4,2.6,0
82,2016-03-23,10.5,17.2,3.3,0
83,2016-03-24,8.3,12.6,5.6,0.0
84,2016-03-25,6.8,11.5,4.1,2.8
85,2016-03-26,6.6,13.4,0.1,0
86,2016-03-27,7.4,15.4,-0.4,0
87,2016-03-28,8.4,17.5,-1.5,0
88,2016-03-29,10.7,15.9,1.5,0
89,2016-03-30,13.8,21.6,6.8,0
90,2016-03-31,12.0,20.9,4.6,0
91,2016-04-01,13.6,24.3,4.1,0
92,2016-04-02,13.1,20.1,5.1,0
93,2016-04-03,12.2,13.5,10.8,37.8
94,2016-04-04,11.2,13.8,9.8,2.6
95,2016-04-05,12.4,20.2,7.2,0
96,2016-04-06,11.8,20.5,5.2,26.1
97,2016-04-07,12.2,17.6,8.6,28.7
98,2016-04-08,15.0,23.0,9.1,0
99,2016-04-09,15.0,24.0,6.4,0
100,2016-04-10,14.4,22.9,7.1,0
101,2016-04-11,10.8,12.6,9.2,0
102,2016-04-12,11.5,18.6,4.3,3.1
103,2016-04-13,13.6,15.4,10.6,37.7
104,2016-04-14,17.1,25.8,11.3,0
105,2016-04-15,12.9,21.2,5.3,0
106,2016-04-16,13.2,18.8,5.4,77.5
107,2016-04-17,15.5,19.8,10.5,3.9
108,2016-04-18,14.4,20.7,8.6,0
109,2016-04-19,13.5,21.0,6.2,0
110,2016-04-20,13.5,21.0,5.5,0
111,2016-04-21,13.8,17.3,11.1,33.2
112,2016-04-22,17.0,24.5,12.5,0
113,2016-04-23,15.4,20.7,11.9,0
114,2016-04-24,14.6,23.8,6.9,0
115,2016-04-25,15.4,26.3,6.9,0
116,2016-04-26,16.3,25.6,5.7,1.2
117,2016-04-27,11.4,14.7,10.7,42.9
118,2016-04-28,14.1,19.5,10.5,5.0
119,2016-04-29,15.0,20.6,11.5,0
120,2016-04-30,16.6,23.1,9.0,0
121,2016-05-01,16.5,23.9,8.0,0
122,2016-05-02,17.8,23.5,10.2,0.0
123,2016-05-03,16.6,20.8,14.2,80.6
124,2016-05-04,17.8,24.9,10.5,0
125,2016-05-05,16.0,24.2,6.1,0
126,2016-05-06,17.6,21.0,14.9,3.9
127,2016-05-07,18.3,25.2,10.0,0
128,2016-05-08,16.7,23.4,7.9,0
129,2016-05-09,17.6,22.0,13.8,0
130,2016-05-10,14.4,17.3,12.2,31.3
131,2016-05-11,15.8,21.7,12.2,0.1
132,2016-05-12,17.6,24.1,11.2,0
133,2016-05-13,16.2,23.3,10.9,0
134,2016-05-14,16.8,24.5,9.8,0
135,2016-05-15,17.9,22.9,10.6,2.9
136,2016-05-16,15.1,22.6,8.0,6.0
137,2016-05-17,16.4,27.8,4.7,0
138,2016-05-18,19.3,31.0,8.3,0
139,2016-05-19,19.0,29.2,10.2,0
140,2016-05-20,19.3,28.7,10.0,0
141,2016-05-21,19.0,28.0,10.7,0
142,2016-05-22,19.5,29.1,10.2,0
143,2016-05-23,19.8,27.6,10.0,0
144,2016-05-24,18.7,20.4,15.4,25.6
145,2016-05-25,19.3,27.0,12.6,0
146,2016-05-26,20.6,27.7,12.8,0.0
147,2016-05-27,22.5,29.2,17.8,0.0
148,2016-05-28,20.6,27.0,16.1,0.0
149,2016-05-29,19.9,26.0,15.3,3.5
150,2016-05-30,21.5,31.1,12.7,0
151,2016-05-31,21.2,29.8,12.5,0
152,2016-06-01,20.4,26.3,15.1,0
153,2016-06-02,18.9,27.3,10.9,0
154,2016-06-03,20.7,28.3,12.1,0
155,2016-06-04,17.4,22.2,15.4,11.1
156,2016-06-05,21.3,27.3,15.1,0
157,2016-06-06,18.3,19.7,17.4,1.0
158,2016-06-07,21.1,26.7,17.4,0.0
159,2016-06-08,21.2,24.6,17.9,0
160,2016-06-09,21.7,28.2,18.1,0
161,2016-06-10,22.5,28.6,17.8,0
162,2016-06-11,22.7,28.2,18.0,0
163,2016-06-12,22.6,25.1,20.0,0.1
164,2016-06-13,23.2,28.5,20.5,0
165,2016-06-14,23.0,28.0,20.1,0
166,2016-06-15,21.9,24.2,18.5,0.0
167,2016-06-16,23.8,28.7,17.2,0.0
168,2016-06-17,22.4,30.6,14.5,0
169,2016-06-18,22.4,28.6,16.9,6.0
170,2016-06-19,24.8,30.8,20.7,1.2
171,2016-06-20,22.8,26.4,20.9,5.2
172,2016-06-21,22.6,25.4,21.2,2.0
173,2016-06-22,21.5,22.7,20.6,11.8
174,2016-06-23,23.7,29.6,20.4,0
175,2016-06-24,22.5,28.0,19.8,73.6
176,2016-06-25,23.1,28.1,18.1,0
177,2016-06-26,23.4,30.1,16.2,0
178,2016-06-27,20.4,24.6,16.8,0.1
179,2016-06-28,21.3,25.7,17.7,0
180,2016-06-29,21.6,25.0,18.4,1.7
181,2016-06-30,23.5,29.0,19.4,0
182,2016-07-01,23.9,25.5,22.2,43.1
183,2016-07-02,23.7,26.2,22.0,13.9
184,2016-07-03,21.4,23.7,20.1,53.8
185,2016-07-04,23.8,27.9,20.3,0.5
186,2016-07-05,26.5,29.7,24.5,0.1
187,2016-07-06,26.4,30.3,23.8,9.3
188,2016-07-07,25.9,31.1,22.4,0
189,2016-07-08,25.5,30.9,22.0,0
190,2016-07-09,25.6,32.8,20.7,0
191,2016-07-10,26.2,31.3,21.7,0
192,2016-07-11,24.4,27.7,22.9,2.2
193,2016-07-12,24.2,26.9,22.6,4.2
194,2016-07-13,25.8,30.2,22.1,0
195,2016-07-14,26.7,33.0,21.7,0
196,2016-07-15,25.0,30.2,22.1,0.0
197,2016-07-16,22.1,23.8,20.5,5.5
198,2016-07-17,24.4,30.7,18.8,0
199,2016-07-18,24.3,30.0,19.2,0
200,2016-07-19,24.7,30.6,21.2,0
201,2016-07-20,24.5,30.5,19.4,0
202,2016-07-21,24.3,30.1,20.0,0
203,2016-07-22,24.0,28.9,20.6,0
204,2016-07-23,25.2,30.9,20.3,0
205,2016-07-24,27.0,32.5,20.6,0
206,2016-07-25,28.0,33.4,24.5,28.4
207,2016-07-26,28.0,32.7,23.4,0
208,2016-07-27,28.6,32.9,25.0,0
209,2016-07-28,28.7,32.5,26.4,0
210,2016-07-29,28.6,34.1,25.0,0
211,2016-07-30,29.1,35.2,24.4,0
212,2016-07-31,28.4,35.2,23.8,0.0
213,2016-08-01,26.8,34.2,23.3,1.6
214,2016-08-02,25.9,33.0,22.9,10.2
215,2016-08-03,26.1,31.3,22.4,0.5
216,2016-08-04,27.1,32.4,23.2,0
217,2016-08-05,27.7,33.7,22.5,0
218,2016-08-06,28.3,34.9,23.2,0
219,2016-08-07,28.2,34.4,22.8,0
220,2016-08-08,27.5,36.2,23.4,0.4
221,2016-08-09,27.4,33.0,23.4,0.0
222,2016-08-10,29.1,35.3,23.5,0
223,2016-08-11,29.9,37.5,24.4,0
224,2016-08-12,30.5,36.4,24.9,0
225,2016-08-13,29.9,36.5,24.6,0
226,2016-08-14,29.8,37.2,23.6,0
227,2016-08-15,27.7,34.6,25.1,11.0
228,2016-08-16,27.1,33.9,24.5,0
229,2016-08-17,26.8,34.1,23.4,13.9
230,2016-08-18,27.2,33.8,22.5,0
231,2016-08-19,27.5,34.2,21.9,0
232,2016-08-20,28.0,34.6,24.1,0
233,2016-08-21,28.0,34.2,21.0,0
234,2016-08-22,28.4,35.7,22.4,0.2
235,2016-08-23,26.8,31.1,23.4,1.1
236,2016-08-24,26.9,34.6,20.8,0
237,2016-08-25,26.6,34.3,19.0,0
238,2016-08-26,22.1,29.7,18.5,3.8
239,2016-08-27,22.9,28.4,18.4,0.2
240,2016-08-28,18.7,21.7,16.8,31.8
241,2016-08-29,21.1,27.1,15.0,0.1
242,2016-08-30,22.0,25.6,14.8,0
243,2016-08-31,24.8,29.0,20.5,0.0
244,2016-09-01,25.0,30.5,20.7,20.8
245,2016-09-02,19.2,21.8,18.2,76.4
246,2016-09-03,21.8,26.2,19.1,44.1
247,2016-09-04,23.6,29.2,20.1,17.1
248,2016-09-05,24.9,29.5,21.9,0.5
249,2016-09-06,24.2,27.3,21.9,0.0
250,2016-09-07,23.6,27.2,20.8,0.0
251,2016-09-08,23.3,29.7,17.4,0
252,2016-09-09,23.1,29.5,18.4,0
253,2016-09-10,22.9,27.5,19.6,1.6
254,2016-09-11,22.2,26.5,18.1,1.6
255,2016-09-12,20.3,24.6,17.4,8.5
256,2016-09-13,21.8,28.3,15.7,0
257,2016-09-14,22.1,27.7,17.5,0
258,2016-09-15,23.3,29.6,18.0,0
259,2016-09-16,22.2,24.3,20.9,2.7
260,2016-09-17,19.3,21.2,18.3,174.5
261,2016-09-18,19.6,21.4,17.8,4.5
262,2016-09-19,20.7,24.2,18.0,0.0
263,2016-09-20,18.9,24.5,12.8,0
264,2016-09-21,18.0,23.9,11.1,0
265,2016-09-22,19.0,23.7,15.6,0
266,2016-09-23,19.8,27.2,13.5,0
267,2016-09-24,20.5,28.8,15.0,0
268,2016-09-25,20.9,27.6,15.3,0
269,2016-09-26,21.7,25.9,18.1,3.8
270,2016-09-27,24.1,29.5,20.6,0
271,2016-09-28,22.0,24.5,19.9,16.7
272,2016-09-29,18.7,20.4,16.4,4.0
273,2016-09-30,17.0,18.6,15.8,30.7
274,2016-10-1,19.2,22.4,16.3,0.5
275,2016-10-2,21.4,25.1,19.1,0.5
276,2016-10-3,23.6,28.0,20.1,0
277,2016-10-4,21.8,28.4,16.0,1.9
278,2016-10-5,20.0,27.8,16.0,82.2
279,2016-10-6,18.9,27.4,13.0,0
280,2016-10-7,18.3,22.6,14.0,1.6
281,2016-10-8,17.2,19.6,14.1,26.8
282,2016-10-9,14.0,20.8,8.5,0
283,2016-10-010,14.4,20.4,8.1,0
284,2016-10-011,14.3,19.6,11.2,0
285,2016-10-012,15.6,23.9,9.2,0
286,2016-10-013,15.2,19.7,11.6,0
287,2016-10-014,14.8,23.9,8.1,0
288,2016-10-015,15.4,23.4,8.1,0
289,2016-10-016,14.9,16.3,12.0,41.7
290,2016-10-017,18.0,24.8,14.1,0
291,2016-10-018,16.7,22.4,11.7,0
292,2016-10-019,16.7,23.8,11.7,0
293,2016-10-020,16.2,22.2,10.0,0
294,2016-10-021,16.5,18.5,14.5,0.0
295,2016-10-022,16.6,21.1,13.3,0.0
296,2016-10-023,15.7,17.7,13.1,0
297,2016-10-024,14.8,19.9,11.6,0
298,2016-10-025,14.9,21.9,10.9,3.5
299,2016-10-026,13.9,20.1,8.6,0
300,2016-10-027,14.2,19.0,7.1,0
301,2016-10-028,14.0,15.5,12.4,10.7
302,2016-10-029,12.7,16.0,8.1,0
303,2016-10-030,8.8,16.2,3.7,0
304,2016-10-031,7.9,10.5,3.7,0.7
305,2016-11-1,6.0,12.8,0.4,0
306,2016-11-2,5.5,14.3,-1.8,0
307,2016-11-3,7.7,16.3,0.7,0
308,2016-11-4,9.6,17.5,1.3,0
309,2016-11-5,10.8,20.9,3.5,0
310,2016-11-6,11.5,16.2,5.6,0
311,2016-11-7,12.4,18.4,6.0,0
312,2016-11-8,11.1,15.6,5.0,0.0
313,2016-11-9,5.8,13.0,-0.1,0
314,2016-11-010,9.2,15.3,4.1,0.0
315,2016-11-011,9.0,17.4,3.7,0
316,2016-11-012,9.3,18.8,1.2,0
317,2016-11-013,11.4,16.2,5.2,1.1
318,2016-11-014,14.3,16.3,12.8,4.0
319,2016-11-015,11.3,18.9,2.1,0
320,2016-11-016,6.7,16.5,-0.8,0
321,2016-11-017,9.1,17.8,3.0,0
322,2016-11-018,9.8,16.3,2.1,25.0
323,2016-11-019,13.7,19.1,11.2,0.6
324,2016-11-020,12.9,20.0,7.4,0
325,2016-11-021,10.7,16.2,6.0,0
326,2016-11-022,8.8,14.1,5.3,0
327,2016-11-023,6.5,11.8,2.1,0
328,2016-11-024,3.1,8.5,-0.2,0
329,2016-11-025,3.2,10.8,-2.7,0
330,2016-11-026,1.3,4.3,-3.3,1.8
331,2016-11-027,4.5,10.8,1.1,0
332,2016-11-028,3.9,11.8,-1.0,0
333,2016-11-029,3.7,12.4,-3.6,0
334,2016-11-030,7.0,10.6,1.4,4.5
335,2016-12-1,7.3,13.3,2.6,0
336,2016-12-2,2.6,13.1,-3.9,0
337,2016-12-3,2.9,13.3,-4.8,0
338,2016-12-4,4.0,10.6,-0.9,0
339,2016-12-5,6.4,15.6,-0.5,0
340,2016-12-6,3.6,10.1,-3.4,0
341,2016-12-7,0.4,8.6,-5.7,0
342,2016-12-8,3.2,11.5,-2.6,0
343,2016-12-9,6.9,13.0,0.3,0
344,2016-12-010,1.7,11.6,-4.8,0
345,2016-12-011,-0.2,9.2,-7.2,0
346,2016-12-012,3.7,10.5,-3.0,0
347,2016-12-013,6.2,10.0,0.5,0
348,2016-12-014,2.7,9.1,-3.6,0
349,2016-12-015,-0.2,5.4,-6.5,0
350,2016-12-016,-1.2,6.6,-8.1,0
351,2016-12-017,0.0,11.1,-7.6,0
352,2016-12-018,1.6,11.0,-5.9,0
353,2016-12-019,5.9,7.4,1.9,11.0
354,2016-12-020,8.2,14.6,2.8,0
355,2016-12-021,6.8,10.2,1.2,45.7
356,2016-12-022,11.5,18.5,5.6,11.0
357,2016-12-023,4.1,7.3,2.0,0
358,2016-12-024,1.9,7.1,-3.1,0
359,2016-12-025,3.4,11.0,-3.8,0
360,2016-12-026,5.7,6.5,4.6,15.3
361,2016-12-027,3.7,7.2,-2.1,1.0
362,2016-12-028,-0.5,7.9,-6.8,0
363,2016-12-029,-0.3,5.2,-4.9,0
364,2016-12-030,-1.9,7.7,-8.8,0
365,2016-12-031,0.3,9.9,-7.0,0
366,2017-01-01,1.6,11.3,-4.5,0
367,2017-01-02,4.4,14.3,-1.8,0
368,2017-01-03,2.5,12.0,-2.5,0
369,2017-01-04,1.8,11.6,-4.2,0
370,2017-01-05,4.5,10.1,-2.6,0
371,2017-01-06,5.7,11.1,-0.8,0
372,2017-01-07,3.8,9.6,-2.9,0.0
373,2017-01-08,6.9,13.1,4.1,2.9
374,2017-01-09,4.7,9.4,-2.1,0
375,2017-01-10,0.8,8.0,-5.3,0
376,2017-01-11,-0.1,5.5,-3.1,0
377,2017-01-12,0.8,8.9,-4.8,0
378,2017-01-13,-0.2,6.0,-5.0,0
379,2017-01-14,-2.8,1.4,-6.4,0
380,2017-01-15,-2.8,5.7,-11.5,0
381,2017-01-16,-2.4,7.1,-9.3,0
382,2017-01-17,-1.8,6.6,-8.8,0
383,2017-01-18,1.2,8.0,-4.9,0
384,2017-01-19,-0.5,9.1,-6.4,0
385,2017-01-20,-0.6,3.4,-4.9,0
386,2017-01-21,-1.9,4.2,-9.7,0
387,2017-01-22,-0.7,3.1,-5.2,0
388,2017-01-23,-3.5,1.8,-8.1,0
389,2017-01-24,-3.4,4.6,-10.7,0
390,2017-01-25,-3.1,7.1,-11.0,0
391,2017-01-26,-0.2,8.2,-10.5,0
392,2017-01-27,4.7,10.7,-2.7,0
393,2017-01-28,1.9,11.6,-7.7,0
394,2017-01-29,3.6,4.9,2.1,4.6
395,2017-01-30,1.5,5.5,-5.5,0.6
396,2017-01-31,-1.1,8.6,-7.9,0
397,2017-02-01,0.9,7.9,-6.0,0
398,2017-02-02,0.6,10.8,-9.3,0
399,2017-02-03,1.1,10.6,-7.7,0
400,2017-02-04,5.7,12.6,-1.9,1.7
401,2017-02-05,6.3,12.8,3.3,2.7
402,2017-02-06,2.1,6.9,-3.7,0
403,2017-02-07,1.2,9.0,-4.3,0
404,2017-02-08,2.9,8.9,-3.5,0
405,2017-02-09,0.1,3.1,-3.7,0
406,2017-02-10,-2.4,1.6,-7.0,0
407,2017-02-11,-1.0,3.8,-5.4,0
408,2017-02-12,-0.6,8.2,-8.2,0
409,2017-02-13,1.8,10.1,-8.1,0
410,2017-02-14,2.2,11.0,-4.9,0
411,2017-02-15,2.2,12.9,-6.7,0
412,2017-02-16,6.7,16.1,-5.8,2.5
413,2017-02-17,10.2,15.0,3.1,0.4
414,2017-02-18,2.9,7.9,-1.2,0
415,2017-02-19,3.7,11.1,-6.4,0
416,2017-02-20,7.4,13.7,-1.6,0.4
417,2017-02-21,1.6,10.1,-5.9,0
418,2017-02-22,3.4,5.1,-2.2,30.1
419,2017-02-23,4.1,7.6,-0.2,0
420,2017-02-24,2.5,8.8,-2.7,0
421,2017-02-25,2.3,11.2,-5.4,0
422,2017-02-26,3.0,11.0,-4.3,0
423,2017-02-27,5.1,13.4,-2.7,0
424,2017-02-28,5.1,14.4,-2.4,0
425,2017-03-01,6.5,14.2,-0.8,0.6
426,2017-03-02,4.5,9.0,-2.7,1.3
427,2017-03-03,4.0,13.3,-5.7,0
428,2017-03-04,5.6,15.1,-2.3,0
429,2017-03-05,6.3,15.9,-1.0,0
430,2017-03-06,4.7,9.8,0.3,0
431,2017-03-07,1.2,7.0,-4.7,0
432,2017-03-08,1.0,8.1,-6.6,0
433,2017-03-09,5.1,12.6,-4.6,0
434,2017-03-10,5.6,16.3,-3.5,0
435,2017-03-11,6.3,18.0,-3.9,0
436,2017-03-12,8.3,18.1,-2.3,0
437,2017-03-13,9.3,16.2,0.7,0
438,2017-03-14,8.4,14.9,2.5,0
439,2017-03-15,5.5,14.0,-2.8,0
440,2017-03-16,6.5,13.5,-1.0,0
441,2017-03-17,6.5,17.0,-2.9,0
442,2017-03-18,7.1,17.0,0.0,0
443,2017-03-19,8.5,19.1,-1.6,0
444,2017-03-20,7.1,12.9,0.8,7.9
445,2017-03-21,9.2,16.3,2.4,2.3
446,2017-03-22,6.9,14.5,-1.1,0
447,2017-03-23,9.3,16.7,3.6,0
448,2017-03-24,8.1,12.9,2.0,0.0
449,2017-03-25,6.3,7.6,5.0,10.9
450,2017-03-26,6.5,12.3,3.3,0.7
451,2017-03-27,5.6,12.6,-0.5,0
452,2017-03-28,7.4,15.2,-2.2,0.6
453,2017-03-29,7.0,8.9,5.6,4.5
454,2017-03-30,10.6,20.3,4.1,0
455,2017-03-31,9.9,13.6,7.2,2.6
456,2017-04-01,7.7,13.0,3.3,0.6
457,2017-04-02,8.4,16.5,1.2,0
458,2017-04-03,11.0,22.6,-0.6,0
459,2017-04-04,12.6,21.6,1.3,0
460,2017-04-05,13.4,15.9,10.1,48.5
461,2017-04-06,15.6,16.9,13.2,15.7
462,2017-04-07,15.0,24.3,9.9,0
463,2017-04-08,16.3,26.5,7.3,0
464,2017-04-09,14.9,20.6,11.2,0
465,2017-04-10,13.5,20.5,8.4,0.1
466,2017-04-11,13.2,20.0,9.1,11.5
467,2017-04-12,14.0,20.5,6.1,0
468,2017-04-13,13.7,21.9,2.4,0
469,2017-04-14,15.2,20.1,7.6,0.0
470,2017-04-15,18.0,24.6,13.0,0.0
471,2017-04-16,16.8,27.8,8.9,0
472,2017-04-17,14.2,17.7,10.8,16.5
473,2017-04-18,14.7,20.9,7.9,0.0
474,2017-04-19,14.6,22.2,7.8,0
475,2017-04-20,13.0,19.2,7.4,0.2
476,2017-04-21,14.3,22.6,7.5,0
477,2017-04-22,12.5,19.8,6.9,0.0
478,2017-04-23,14.1,22.3,7.2,0
479,2017-04-24,14.6,21.9,7.2,0
480,2017-04-25,17.3,22.8,10.1,0.1
481,2017-04-26,14.7,19.6,9.4,1.7
482,2017-04-27,14.7,20.5,7.6,0
483,2017-04-28,15.4,24.6,2.2,0
484,2017-04-29,17.6,26.0,6.2,0
485,2017-04-30,19.6,27.8,8.2,0
486,2017-05-01,17.1,25.2,10.0,0
487,2017-05-02,15.7,24.9,6.6,0
488,2017-05-03,16.6,27.0,6.8,0
489,2017-05-04,17.9,25.9,8.1,0.6
490,2017-05-05,17.5,20.3,15.5,4.0
491,2017-05-06,17.6,24.5,9.5,0
492,2017-05-07,17.6,27.2,5.9,0
493,2017-05-08,17.7,26.0,6.9,0
494,2017-05-09,13.6,18.9,13.1,25.3
495,2017-05-10,16.6,22.6,11.9,0.1
496,2017-05-11,19.9,29.2,11.0,0
497,2017-05-12,17.0,18.9,14.6,9.1
498,2017-05-13,18.2,24.7,12.2,0
499,2017-05-14,17.2,25.7,8.2,0
500,2017-05-15,16.0,23.9,7.9,0
501,2017-05-16,16.5,24.4,9.1,0
502,2017-05-17,17.1,25.2,9.6,0
503,2017-05-18,18.8,28.4,9.9,0
504,2017-05-19,20.3,29.8,10.7,0
505,2017-05-20,19.6,27.5,11.1,0
506,2017-05-21,19.3,26.9,12.0,0
507,2017-05-22,19.6,28.3,11.0,0
508,2017-05-23,18.9,25.6,11.3,0
509,2017-05-24,20.2,25.2,15.9,3.9
510,2017-05-25,21.5,30.4,14.6,0
511,2017-05-26,17.4,24.5,8.6,0
512,2017-05-27,17.5,25.4,8.4,0
513,2017-05-28,18.7,26.3,10.5,0
514,2017-05-29,23.5,34.4,12.6,0
515,2017-05-30,23.4,32.8,13.7,0
516,2017-05-31,21.3,27.7,16.2,0.8
517,2017-06-01,23.4,29.6,18.9,0
518,2017-06-02,20.0,27.6,11.7,0
519,2017-06-03,21.1,28.1,14.9,0.0
520,2017-06-04,19.8,29.4,10.8,0
521,2017-06-05,19.5,28.5,11.8,0
522,2017-06-06,17.2,22.2,14.2,10.7
523,2017-06-07,19.6,24.5,16.0,12.6
524,2017-06-08,21.3,29.5,12.6,0
525,2017-06-09,22.6,30.7,14.1,0
526,2017-06-10,22.0,28.5,14.5,0
527,2017-06-11,20.6,27.0,16.4,2.3
528,2017-06-12,19.0,24.6,14.7,0
529,2017-06-13,18.8,27.5,12.8,0.3
530,2017-06-14,20.9,28.9,13.6,0
531,2017-06-15,23.3,32.6,13.5,0
532,2017-06-16,21.8,28.6,15.0,0
533,2017-06-17,22.0,30.9,14.6,0
534,2017-06-18,22.6,32.7,14.5,0
535,2017-06-19,24.1,33.0,15.5,0
536,2017-06-20,21.2,26.0,17.4,10.3
537,2017-06-21,22.5,29.5,17.1,0
538,2017-06-22,23.5,31.3,17.0,0
539,2017-06-23,23.8,31.5,18.0,0
540,2017-06-24,23.1,29.2,16.6,0
541,2017-06-25,23.3,27.9,18.7,0.5
542,2017-06-26,21.7,24.7,20.0,10.5
543,2017-06-27,22.8,27.4,19.4,0.0
544,2017-06-28,23.4,30.8,17.3,0
545,2017-06-29,22.0,25.6,19.0,4.8
546,2017-06-30,24.1,28.2,20.2,0.0
547,2017-07-01,25.9,31.7,23.6,0
548,2017-07-02,26.0,28.7,23.6,1.4
549,2017-07-03,26.6,29.6,25.2,0.3
550,2017-07-04,26.1,31.5,24.1,1.9
551,2017-07-05,25.8,31.5,22.9,17.6
552,2017-07-06,24.8,28.1,22.7,5.2
553,2017-07-07,25.2,29.4,22.6,0.3
554,2017-07-08,25.5,30.2,24.2,7.1
555,2017-07-09,26.8,31.7,23.6,0
556,2017-07-10,26.9,29.0,25.7,0.0
557,2017-07-11,26.1,28.2,23.3,0.0
558,2017-07-12,27.4,33.8,23.0,0
559,2017-07-13,26.8,33.3,21.0,0
560,2017-07-14,26.7,33.5,23.3,0.0
561,2017-07-15,27.0,29.9,23.8,0.0
562,2017-07-16,28.8,33.8,25.3,0
563,2017-07-17,26.6,32.0,23.1,4.8
564,2017-07-18,26.7,31.1,22.8,1.9
565,2017-07-19,27.8,34.5,22.7,0
566,2017-07-20,28.5,34.7,23.2,0
567,2017-07-21,30.2,36.3,24.7,0
568,2017-07-22,30.0,36.7,25.4,0
569,2017-07-23,29.0,33.2,25.5,0
570,2017-07-24,29.7,35.2,25.2,0.1
571,2017-07-25,27.3,34.1,24.1,17.2
572,2017-07-26,26.1,32.8,21.2,0
573,2017-07-27,25.7,33.3,18.2,0
574,2017-07-28,27.2,34.6,20.4,0
575,2017-07-29,25.9,29.4,23.8,0
576,2017-07-30,26.8,31.7,23.4,0
577,2017-07-31,26.2,31.2,23.6,38.2
578,2017-08-01,27.3,34.0,23.2,0
579,2017-08-02,26.9,32.6,23.8,0
580,2017-08-03,27.5,33.9,21.8,0
581,2017-08-04,28.9,35.1,23.6,0
582,2017-08-05,29.6,36.3,23.5,0
583,2017-08-06,30.9,36.9,24.2,0
584,2017-08-07,30.5,37.1,25.0,0
585,2017-08-08,28.0,32.7,21.8,0.0
586,2017-08-09,26.7,30.7,24.7,0.2
587,2017-08-10,28.8,34.6,25.2,0
588,2017-08-11,26.6,34.0,22.5,28.8
589,2017-08-12,25.8,31.2,21.2,0.0
590,2017-08-13,24.1,27.6,21.2,1.6
591,2017-08-14,22.0,23.0,21.2,48.5
592,2017-08-15,22.8,23.8,21.8,5.7
593,2017-08-16,26.3,31.7,23.0,0.8
594,2017-08-17,26.8,32.4,23.2,0.8
595,2017-08-18,26.6,31.6,23.0,0.0
596,2017-08-19,25.7,29.0,22.5,12.8
597,2017-08-20,24.8,28.9,23.2,26.2
598,2017-08-21,25.3,30.0,22.9,20.2
599,2017-08-22,26.1,30.1,23.1,8.1
600,2017-08-23,28.3,32.7,24.2,11.6
601,2017-08-24,29.4,32.4,26.8,0.3
602,2017-08-25,27.6,33.3,21.5,0.8
603,2017-08-26,23.6,31.4,16.6,0
604,2017-08-27,22.9,30.5,14.8,0
605,2017-08-28,24.9,30.7,18.3,0
606,2017-08-29,26.9,31.8,20.7,0.0
607,2017-08-30,22.3,27.5,18.3,0
608,2017-08-31,21.9,29.3,14.4,0
609,2017-09-01,22.7,28.5,17.6,0
610,2017-09-02,20.2,25.5,13.4,0
611,2017-09-03,21.5,28.3,13.7,0
612,2017-09-04,21.8,26.8,18.0,0
613,2017-09-05,21.5,24.2,18.8,0.7
614,2017-09-06,20.8,23.9,17.8,32.3
615,2017-09-07,20.6,25.9,17.9,1.0
616,2017-09-08,22.3,30.1,16.1,0
617,2017-09-09,22.2,30.0,16.8,0
618,2017-09-10,22.6,29.7,16.9,0
619,2017-09-11,20.9,23.7,19.2,74.4
620,2017-09-12,22.9,30.9,17.2,0
621,2017-09-13,20.6,29.3,12.5,0
622,2017-09-14,20.3,27.8,12.6,0
623,2017-09-15,20.0,25.0,14.5,0
624,2017-09-16,21.5,24.5,18.3,0
625,2017-09-17,22.2,26.2,17.6,0
626,2017-09-18,20.8,28.7,15.5,0
627,2017-09-19,21.7,28.2,14.0,0
628,2017-09-20,20.6,26.0,13.5,0
629,2017-09-21,18.2,26.8,10.6,0
630,2017-09-22,19.3,27.6,13.7,0
631,2017-09-23,19.6,27.2,13.9,0
632,2017-09-24,20.5,29.1,13.2,0
633,2017-09-25,21.7,29.4,15.3,0
634,2017-09-26,22.1,28.6,17.4,0
635,2017-09-27,19.2,20.7,17.4,8.2
636,2017-09-28,20.1,27.3,12.1,0
637,2017-09-29,15.8,23.3,9.9,0
638,2017-09-30,15.7,26.5,7.2,0
639,2017-10-1,14.9,18.0,9.5,25.3
640,2017-10-2,21.1,26.1,17.4,37.4
641,2017-10-3,20.7,27.5,16.2,10.8
642,2017-10-4,18.6,24.2,16.1,0
643,2017-10-5,16.9,20.2,14.4,2.9
644,2017-10-6,16.2,19.1,13.7,7.8
645,2017-10-7,18.8,24.5,13.9,0.0
646,2017-10-8,20.4,27.6,15.3,0
647,2017-10-9,20.9,28.6,15.1,0
648,2017-10-010,21.6,29.2,17.0,0
649,2017-10-011,21.1,26.6,17.5,0
650,2017-10-012,14.4,18.0,12.3,18.6
651,2017-10-013,14.3,22.2,8.6,0
652,2017-10-014,15.8,22.0,10.6,0
653,2017-10-015,14.7,18.0,11.9,2.8
654,2017-10-016,15.6,18.7,11.6,0
655,2017-10-017,14.9,21.6,10.4,0
656,2017-10-018,15.9,19.0,11.8,0.0
657,2017-10-019,16.6,22.2,11.4,0
658,2017-10-020,15.9,23.2,9.5,0
659,2017-10-021,15.7,22.9,8.9,0
660,2017-10-022,17.7,22.8,14.6,0
661,2017-10-023,14.9,20.1,11.1,0
662,2017-10-024,11.4,17.8,7.3,0.1
663,2017-10-025,11.3,21.1,4.3,0
664,2017-10-026,11.8,21.2,5.3,0
665,2017-10-027,13.1,22.9,7.1,0
666,2017-10-028,16.1,20.8,8.3,0
667,2017-10-029,15.1,22.3,7.8,0
668,2017-10-030,9.0,17.8,2.0,0
669,2017-10-031,8.1,18.9,-1.1,0
670,2017-11-1,9.9,20.0,1.0,0
671,2017-11-2,11.0,19.7,4.4,0
672,2017-11-3,12.1,21.6,4.8,0
673,2017-11-4,8.8,16.2,2.7,0
674,2017-11-5,6.7,17.6,-0.4,0
675,2017-11-6,8.2,19.0,-1.1,0
676,2017-11-7,13.0,19.4,3.7,0
677,2017-11-8,15.3,22.8,10.8,0
678,2017-11-9,9.8,19.7,1.6,0
679,2017-11-010,12.7,21.0,3.8,0
680,2017-11-011,8.6,15.9,1.0,0
681,2017-11-012,5.6,16.1,-1.8,0
682,2017-11-013,8.1,16.2,-0.5,0
683,2017-11-014,10.2,18.5,3.5,0
684,2017-11-015,6.1,14.3,-0.2,0
685,2017-11-016,3.4,11.9,-2.7,0
686,2017-11-017,5.9,13.4,-2.3,0
687,2017-11-018,5.3,9.9,-0.4,0
688,2017-11-019,3.4,9.0,-1.3,0
689,2017-11-020,4.5,11.1,-0.8,0
690,2017-11-021,2.7,12.0,-4.3,0
691,2017-11-022,6.5,13.3,-0.8,0
692,2017-11-023,3.5,9.2,-1.9,0.0
693,2017-11-024,2.3,10.7,-4.5,0
694,2017-11-025,2.9,10.6,-3.4,0
695,2017-11-026,7.2,16.6,0.0,0
696,2017-11-027,5.2,14.5,-1.7,0
697,2017-11-028,8.4,18.1,0.2,0
698,2017-11-029,9.4,16.8,2.5,0
699,2017-11-030,6.1,11.0,1.2,0
700,2017-12-1,1.2,8.3,-4.7,0
701,2017-12-2,-0.6,8.8,-7.2,0
702,2017-12-3,2.4,12.8,-5.6,0
703,2017-12-4,3.3,10.8,-2.9,0
704,2017-12-5,-1.4,5.2,-6.4,0
705,2017-12-6,-0.2,9.4,-7.8,0
706,2017-12-7,2.0,11.6,-5.8,0.0
707,2017-12-8,0.7,4.8,-3.6,0
708,2017-12-9,0.9,8.5,-6.1,0
709,2017-12-010,3.8,10.8,-1.9,1.2
710,2017-12-011,0.6,4.7,-3.2,0
711,2017-12-012,-2.7,1.8,-6.0,0
712,2017-12-013,-3.2,3.7,-10.0,0
713,2017-12-014,-2.9,6.0,-12.0,0
714,2017-12-015,-0.3,9.2,-8.6,0
715,2017-12-016,0.0,4.5,-3.4,0
716,2017-12-017,-2.3,4.1,-6.6,0
717,2017-12-018,0.7,8.2,-9.7,0.0
718,2017-12-019,-0.1,5.9,-6.5,0
719,2017-12-020,-1.9,6.6,-9.3,0
720,2017-12-021,-1.1,9.6,-7.9,0
721,2017-12-022,-0.9,10.4,-9.7,0
722,2017-12-023,0.9,11.8,-6.3,0
723,2017-12-024,5.3,12.9,0.2,12.8
724,2017-12-025,2.0,6.8,-3.7,0
725,2017-12-026,0.4,8.0,-5.9,0
726,2017-12-027,-1.4,4.7,-8.7,0
727,2017-12-028,-1.6,5.4,-7.8,0
728,2017-12-029,2.1,11.3,-5.8,0
729,2017-12-030,1.7,6.1,-3.9,0
730,2017-12-031,3.7,7.8,-0.8,0.0
731,2018-01-01,0.9,7.7,-5.5,0
732,2018-01-02,0.7,9.4,-7.5,0
733,2018-01-03,2.0,6.9,-3.3,0
734,2018-01-04,1.4,5.6,-2.3,0
735,2018-01-05,2.4,8.6,-2.7,0
736,2018-01-06,-0.3,9.5,-6.7,0
737,2018-01-07,-0.3,6.2,-7.0,0.9
738,2018-01-08,3.2,5.3,-0.1,1.5
739,2018-01-09,1.8,5.2,-0.6,0
740,2018-01-10,-1.7,1.0,-4.7,0.5
741,2018-01-11,-5.4,0.4,-10.0,0
742,2018-01-12,-6.4,0.0,-13.2,0
743,2018-01-13,,6.6,-12.1,0
744,2018-01-14,-1.1,9.0,-8.5,0
745,2018-01-15,3.8,14.8,-2.6,0
746,2018-01-16,2.9,6.1,-2.4,22.9
747,2018-01-17,4.5,10.7,0.7,4.1
748,2018-01-18,2.9,11.5,-1.8,0
749,2018-01-19,1.0,11.2,-4.5,0
750,2018-01-20,0.0,9.7,-7.2,0
751,2018-01-21,1.1,9.8,-6.0,0
752,2018-01-22,4.7,9.5,-0.1,0.0
753,2018-01-23,-3.1,5.2,-8.2,0
754,2018-01-24,-6.6,-1.6,-9.9,0
755,2018-01-25,-5.6,-0.5,-11.6,0
756,2018-01-26,-5.7,0.1,-10.8,0
757,2018-01-27,-4.7,4.4,-13.5,0
758,2018-01-28,0.5,6.0,-3.6,0
759,2018-01-29,-2.9,2.8,-8.3,0
760,2018-01-30,-4.1,3.4,-11.2,0
761,2018-01-31,-1.8,5.0,-9.5,0
762,2018-02-01,-1.2,7.7,-8.1,0
763,2018-02-02,-1.9,6.4,-9.1,0
764,2018-02-03,-3.6,1.6,-9.7,0
765,2018-02-04,-4.5,-0.8,-8.1,0
766,2018-02-05,-5.0,-0.4,-11.7,0
767,2018-02-06,-5.3,-1.2,-10.0,0
768,2018-02-07,-6.1,2.9,-14.3,0
769,2018-02-08,-3.7,6.7,-12.7,0
770,2018-02-09,3.0,11.1,-5.2,0
771,2018-02-10,3.3,10.0,-1.7,0
772,2018-02-11,-1.4,3.0,-5.0,0
773,2018-02-12,-1.8,2.2,-7.0,0
774,2018-02-13,0.3,7.6,-6.7,0
775,2018-02-14,5.1,14.7,-4.8,0
776,2018-02-15,5.0,12.5,-0.2,0
777,2018-02-16,3.4,10.9,-3.2,0
778,2018-02-17,2.5,10.7,-5.9,0
779,2018-02-18,3.1,10.7,-4.5,0
780,2018-02-19,4.3,11.5,-1.1,0
781,2018-02-20,4.3,13.2,-5.4,0
782,2018-02-21,2.9,6.9,-3.9,0
783,2018-02-22,0.3,8.7,-8.0,0
784,2018-02-23,2.7,11.7,-6.8,0.0
785,2018-02-24,5.5,14.4,-3.4,0
786,2018-02-25,6.2,13.0,-0.6,0
787,2018-02-26,4.5,15.3,-5.0,0
788,2018-02-27,5.6,15.2,-3.5,0
789,2018-02-28,5.9,9.4,2.0,30.8
790,2018-03-01,5.2,10.6,-0.8,0
791,2018-03-02,2.9,11.2,-3.2,0
792,2018-03-03,6.9,16.9,-1.8,0
793,2018-03-04,9.4,14.1,3.8,13.1
794,2018-03-05,6.8,11.5,3.7,6.0
795,2018-03-06,6.0,13.2,-0.4,0
796,2018-03-07,4.7,8.2,0.5,12.7
797,2018-03-08,4.7,8.4,2.2,38.7
798,2018-03-09,5.3,10.0,1.0,0
799,2018-03-10,6.3,13.7,-0.3,0
800,2018-03-11,6.2,15.1,-1.9,0
801,2018-03-12,7.6,16.7,-1.8,0
802,2018-03-13,10.2,19.6,0.6,0
803,2018-03-14,13.3,21.5,4.7,0
804,2018-03-15,14.3,16.1,10.0,43.5
805,2018-03-16,6.8,13.9,1.8,3.8
806,2018-03-17,4.9,13.6,-1.7,0
807,2018-03-18,6.8,11.6,0.0,9.7
808,2018-03-19,9.0,12.0,5.6,40.4
809,2018-03-20,5.6,10.1,0.7,1.4
810,2018-03-21,1.9,3.4,0.1,9.9
811,2018-03-22,6.0,14.2,0.8,0
812,2018-03-23,6.4,16.3,-2.2,0
813,2018-03-24,8.7,18.4,-0.2,0
814,2018-03-25,10.8,20.7,0.9,0
815,2018-03-26,11.5,22.0,1.3,0
816,2018-03-27,12.3,22.7,2.2,0
817,2018-03-28,13.4,23.3,3.4,0
818,2018-03-29,14.1,24.0,5.9,0
819,2018-03-30,12.3,20.7,7.2,0
820,2018-03-31,12.4,21.4,4.0,0
821,2018-04-01,14.9,22.3,6.9,0
822,2018-04-02,16.3,23.6,9.6,0
823,2018-04-03,17.4,24.2,11.9,0
824,2018-04-04,14.1,19.0,8.9,15.7
825,2018-04-05,8.9,9.7,8.1,4.9
826,2018-04-06,10.4,17.2,5.4,17.1
827,2018-04-07,6.0,10.0,0.8,0
828,2018-04-08,8.5,13.3,-0.9,0.0
829,2018-04-09,12.9,20.9,6.1,0
830,2018-04-10,13.6,20.7,3.2,0
831,2018-04-11,19.1,25.1,13.3,0.2
832,2018-04-12,13.7,21.3,4.9,0
833,2018-04-13,12.4,17.7,5.5,0.0
834,2018-04-14,10.2,12.4,7.1,34.8
835,2018-04-15,13.1,19.4,9.0,0
836,2018-04-16,11.5,18.5,2.8,0
837,2018-04-17,12.8,20.5,5.9,0
838,2018-04-18,13.4,22.1,5.0,0
839,2018-04-19,14.5,24.9,5.0,0
840,2018-04-20,16.4,28.4,5.7,0
841,2018-04-21,16.5,25.5,6.7,0
842,2018-04-22,16.0,20.5,13.1,0.4
843,2018-04-23,11.2,15.0,10.8,45.8
844,2018-04-24,12.4,14.4,10.3,8.9
845,2018-04-25,13.4,21.8,6.0,0
846,2018-04-26,14.2,24.4,4.1,0
847,2018-04-27,16.1,25.3,7.9,0
848,2018-04-28,15.4,24.3,7.1,0
849,2018-04-29,16.0,23.1,9.5,0
850,2018-04-30,17.7,23.6,12.1,0
851,2018-05-01,16.7,20.4,11.7,0.2
852,2018-05-02,16.3,18.9,9.2,3.2
853,2018-05-03,13.3,19.1,8.7,0
854,2018-05-04,15.1,21.6,4.3,0
855,2018-05-05,16.9,25.2,5.8,0
856,2018-05-06,16.9,18.0,15.4,16.2
857,2018-05-07,16.0,19.9,11.7,24.4
858,2018-05-08,14.9,18.6,10.7,0
859,2018-05-09,14.1,20.0,7.2,0
860,2018-05-10,15.8,23.2,9.0,0
861,2018-05-11,16.5,23.6,9.7,0
862,2018-05-12,17.0,20.6,13.4,7.1
863,2018-05-13,19.6,26.6,13.9,7.9
864,2018-05-14,19.0,26.9,10.2,0
865,2018-05-15,20.4,28.2,12.7,0.3
866,2018-05-16,21.0,21.7,20.1,3.3
867,2018-05-17,21.6,25.5,20.7,1.8
868,2018-05-18,21.2,27.7,14.3,1.4
869,2018-05-19,15.5,19.6,10.6,0.5
870,2018-05-20,15.6,22.8,8.3,0
871,2018-05-21,17.2,22.8,12.4,0
872,2018-05-22,17.7,24.7,10.3,7.8
873,2018-05-23,19.9,27.2,12.6,17.4
874,2018-05-24,18.9,28.9,8.8,0
875,2018-05-25,19.2,27.5,10.3,0
876,2018-05-26,19.9,28.0,10.8,0
877,2018-05-27,20.3,26.2,13.3,0
878,2018-05-28,19.0,22.5,17.3,2.8
879,2018-05-29,21.9,28.0,17.9,0.0
880,2018-05-30,22.1,27.3,17.9,0
881,2018-05-31,19.7,27.2,14.0,0
882,2018-06-01,21.4,32.2,11.7,0
883,2018-06-02,23.0,32.4,13.7,0
884,2018-06-03,22.0,30.1,15.4,0
885,2018-06-04,22.2,29.1,15.2,0
886,2018-06-05,19.8,23.5,17.3,1.5
887,2018-06-06,22.3,30.4,16.0,0
888,2018-06-07,23.2,31.3,16.3,0
889,2018-06-08,23.5,30.1,16.9,0
890,2018-06-09,22.7,26.3,19.2,0.0
891,2018-06-10,19.6,22.9,16.3,1.4
892,2018-06-11,17.7,21.7,15.4,32.3
893,2018-06-12,18.5,23.1,16.2,19.4
894,2018-06-13,20.1,25.1,17.5,0
895,2018-06-14,20.1,25.8,15.7,0
896,2018-06-15,19.7,25.6,14.7,0
897,2018-06-16,19.3,26.1,13.8,0
898,2018-06-17,20.4,28.2,12.7,0
899,2018-06-18,23.0,29.6,16.8,0
900,2018-06-19,21.3,27.3,19.0,8.4
901,2018-06-20,23.2,29.7,16.8,0.0
902,2018-06-21,23.6,31.5,16.9,0
903,2018-06-22,22.6,30.3,16.3,0
904,2018-06-23,22.5,28.7,18.2,0.0
905,2018-06-24,25.0,33.2,16.7,0
906,2018-06-25,24.6,32.1,18.2,0
907,2018-06-26,23.1,26.6,19.7,0.3
908,2018-06-27,25.0,28.7,22.8,12.0
909,2018-06-28,21.9,23.9,20.2,91.9
910,2018-06-29,24.1,28.0,21.6,2.9
911,2018-06-30,21.2,22.8,19.6,37.6
912,2018-07-01,23.6,28.6,19.5,53.5
913,2018-07-02,24.8,28.6,22.9,57.4
914,2018-07-03,23.6,24.8,22.7,14.4
915,2018-07-04,26.4,31.2,20.7,0.0
916,2018-07-05,23.5,26.3,22.2,81.9
917,2018-07-06,21.2,22.6,19.9,4.9
918,2018-07-07,21.3,24.6,18.4,0
919,2018-07-08,20.6,23.9,18.2,0
920,2018-07-09,19.3,20.2,18.1,23.4
921,2018-07-10,24.0,28.8,19.9,0
922,2018-07-11,26.6,31.3,21.8,0
923,2018-07-12,27.0,31.9,22.3,0
924,2018-07-13,27.5,34.0,23.2,0
925,2018-07-14,28.2,34.1,23.2,0
926,2018-07-15,28.1,34.5,22.7,0
927,2018-07-16,27.9,33.6,22.6,0
928,2018-07-17,27.3,33.1,21.8,0
929,2018-07-18,27.9,34.3,22.8,0
930,2018-07-19,28.1,35.0,22.1,0
931,2018-07-20,28.6,36.0,22.5,0
932,2018-07-21,29.1,35.1,23.0,0
933,2018-07-22,27.8,33.3,24.0,0
934,2018-07-23,28.6,34.2,24.0,0
935,2018-07-24,28.8,33.5,23.5,0
936,2018-07-25,29.4,35.2,24.1,0
937,2018-07-26,30.6,37.1,24.8,0
938,2018-07-27,30.0,37.9,25.1,0.4
939,2018-07-28,28.6,35.0,25.7,0
940,2018-07-29,30.5,36.4,23.4,0
941,2018-07-30,28.1,34.5,24.5,4.9
942,2018-07-31,28.4,34.9,22.9,0
943,2018-08-01,29.1,36.4,22.7,0
944,2018-08-02,29.4,36.2,23.3,0
945,2018-08-03,28.9,33.9,24.1,0
946,2018-08-04,29.3,34.5,24.3,0
947,2018-08-05,30.6,37.1,24.9,0
948,2018-08-06,30.0,36.8,24.7,0.0
949,2018-08-07,28.4,34.4,25.2,0.1
950,2018-08-08,27.9,36.1,23.7,3.5
951,2018-08-09,28.8,34.7,25.3,0.0
952,2018-08-10,27.1,32.2,24.8,1.6
953,2018-08-11,26.6,30.5,23.8,0.0
954,2018-08-12,27.4,32.8,23.1,0.1
955,2018-08-13,29.2,35.8,24.5,0
956,2018-08-14,29.1,37.1,22.8,0
957,2018-08-15,28.6,36.8,22.9,0.1
958,2018-08-16,25.6,31.2,22.7,29.7
959,2018-08-17,24.2,30.1,19.1,0
960,2018-08-18,23.1,30.6,16.4,0
961,2018-08-19,24.1,32.0,18.3,0
962,2018-08-20,24.8,31.9,18.9,0
963,2018-08-21,26.6,34.0,19.4,0
964,2018-08-22,28.9,34.1,22.8,0
965,2018-08-23,26.4,29.8,24.1,17.7
966,2018-08-24,27.8,31.8,24.8,5.4
967,2018-08-25,24.5,27.3,20.6,0.3
968,2018-08-26,22.2,24.2,21.1,70.5
969,2018-08-27,23.7,27.4,21.1,46.0
970,2018-08-28,26.1,31.9,22.2,0.1
971,2018-08-29,26.4,31.3,22.1,0.0
972,2018-08-30,26.6,30.3,24.5,6.0
973,2018-08-31,24.3,25.9,22.6,31.6
974,2018-09-01,22.3,26.6,20.6,25.6
975,2018-09-02,21.1,23.1,19.6,11.6
976,2018-09-03,23.4,25.6,20.6,58.1
977,2018-09-04,24.2,31.2,18.3,33.3
978,2018-09-05,22.4,29.4,15.2,0
979,2018-09-06,22.0,25.1,17.3,0
980,2018-09-07,21.1,25.6,17.9,3.7
981,2018-09-08,18.4,22.8,15.0,0
982,2018-09-09,20.5,27.9,13.0,0
983,2018-09-10,20.3,26.8,15.3,0
984,2018-09-11,19.5,25.6,13.5,0
985,2018-09-12,22.0,28.4,14.9,0.0
986,2018-09-13,20.7,22.5,18.6,10.2
987,2018-09-14,21.4,23.7,19.6,24.7
988,2018-09-15,21.8,22.8,20.6,5.8
989,2018-09-16,23.9,28.9,20.7,0
990,2018-09-17,23.1,28.5,20.1,0
991,2018-09-18,22.8,29.1,18.8,0
992,2018-09-19,20.6,24.3,15.7,0.2
993,2018-09-20,20.3,22.3,19.2,10.1
994,2018-09-21,19.4,21.4,17.7,18.3
995,2018-09-22,20.3,27.6,15.5,0
996,2018-09-23,19.3,27.5,12.4,0
997,2018-09-24,16.6,21.8,12.4,0
998,2018-09-25,16.6,24.9,8.5,0
999,2018-09-26,17.9,23.2,11.5,0
1000,2018-09-27,17.6,25.1,10.1,0
1001,2018-09-28,18.1,23.9,10.4,0
1002,2018-09-29,18.7,21.1,15.6,0.0
1003,2018-09-30,21.0,27.8,16.4,0
1004,2018-10-1,17.0,21.5,10.5,0.0
1005,2018-10-2,16.0,23.7,10.0,0
1006,2018-10-3,15.3,25.1,8.0,0
1007,2018-10-4,17.5,25.2,8.8,1.6
1008,2018-10-5,17.9,19.4,15.8,55.5
1009,2018-10-6,20.5,25.6,15.8,165.8
1010,2018-10-7,17.9,27.0,12.1,0
1011,2018-10-8,15.5,22.8,10.3,0
1012,2018-10-9,14.7,18.5,10.4,0
1013,2018-10-010,15.0,19.8,11.2,0
1014,2018-10-011,12.0,18.5,5.5,0
1015,2018-10-012,9.9,18.6,3.4,0
1016,2018-10-013,11.6,21.1,3.6,0
1017,2018-10-014,13.7,21.0,6.7,0
1018,2018-10-015,14.3,22.7,8.2,0
1019,2018-10-016,11.8,16.9,7.6,0
1020,2018-10-017,12.3,21.0,5.6,0
1021,2018-10-018,12.4,20.5,4.6,0
1022,2018-10-019,,20.8,5.4,0
1023,2018-10-020,11.1,21.2,4.1,0
1024,2018-10-021,10.7,21.9,3.1,0
1025,2018-10-022,12.6,20.2,5.0,0
1026,2018-10-023,13.8,21.9,8.6,0.0
1027,2018-10-024,11.8,21.1,4.7,0
1028,2018-10-025,11.3,20.6,4.1,0
1029,2018-10-026,12.4,15.6,7.6,0.9
1030,2018-10-027,10.0,16.2,4.2,0
1031,2018-10-028,11.3,18.6,2.0,0.2
1032,2018-10-029,10.4,19.1,4.9,0.1
1033,2018-10-030,8.1,15.7,2.2,0
1034,2018-10-031,8.1,16.7,1.7,0
1035,2018-11-1,6.8,17.6,-0.3,0
1036,2018-11-2,7.6,18.8,-0.1,0
1037,2018-11-3,8.2,19.6,0.3,0
1038,2018-11-4,9.4,21.1,0.9,0
1039,2018-11-5,9.7,20.9,1.8,0
1040,2018-11-6,10.9,20.5,3.4,0
1041,2018-11-7,12.8,17.8,7.5,0.5
1042,2018-11-8,14.0,17.6,12.1,19.5
1043,2018-11-9,12.7,17.7,5.4,0
1044,2018-11-010,9.1,20.0,2.2,0
1045,2018-11-011,10.1,17.6,3.0,3.5
1046,2018-11-012,10.6,17.2,4.8,1.5
1047,2018-11-013,9.5,16.9,2.4,0
1048,2018-11-014,8.9,17.4,3.5,0
1049,2018-11-015,8.7,18.6,1.7,0
1050,2018-11-016,8.6,11.7,5.0,1.0
1051,2018-11-017,7.8,17.3,2.2,0
1052,2018-11-018,5.7,10.7,0.8,0
1053,2018-11-019,7.1,15.4,1.1,0
1054,2018-11-020,5.6,15.1,-0.7,0
1055,2018-11-021,5.9,10.2,-0.2,0
1056,2018-11-022,5.4,10.4,-0.8,0
1057,2018-11-023,2.8,11.5,-3.4,0
1058,2018-11-024,2.7,5.9,-2.8,1.5
1059,2018-11-025,5.0,12.0,1.7,0
1060,2018-11-026,5.2,16.2,-1.2,0
1061,2018-11-027,6.6,18.6,-1.2,0
1062,2018-11-028,5.9,15.6,-1.0,0
1063,2018-11-029,5.0,14.9,-2.8,0
1064,2018-11-030,5.7,15.3,-1.0,0
1065,2018-12-1,5.2,12.1,1.2,0
1066,2018-12-2,9.1,17.3,-0.3,0.0
1067,2018-12-3,12.8,15.3,11.0,9.5
1068,2018-12-4,13.3,18.2,9.4,12.0
1069,2018-12-5,7.3,12.3,3.4,0
1070,2018-12-6,5.8,8.2,4.1,2.5
1071,2018-12-7,0.2,4.8,-2.9,0
1072,2018-12-8,-1.7,3.3,-6.7,0
1073,2018-12-9,-1.7,4.8,-5.8,0
1074,2018-12-010,-1.7,8.3,-8.3,0
1075,2018-12-011,2.0,5.0,-4.0,1.5
1076,2018-12-012,1.2,6.4,-4.8,0
1077,2018-12-013,0.8,8.0,-7.3,0
1078,2018-12-014,-0.1,7.3,-5.7,0
1079,2018-12-015,-1.7,9.0,-8.6,0
1080,2018-12-016,0.1,3.8,-4.7,1.0
1081,2018-12-017,2.2,10.1,-0.9,0
1082,2018-12-018,1.5,10.7,-4.4,0
1083,2018-12-019,4.6,14.8,-3.8,0
1084,2018-12-020,4.4,9.6,-0.7,0
1085,2018-12-021,4.8,14.9,-2.3,0
1086,2018-12-022,7.0,16.1,-0.5,0.0
1087,2018-12-023,7.7,12.3,2.2,2.5
1088,2018-12-024,1.0,8.9,-4.4,0
1089,2018-12-025,1.0,7.0,-6.4,0
1090,2018-12-026,5.3,10.8,1.4,0
1091,2018-12-027,-0.6,3.8,-5.5,0
1092,2018-12-028,-3.8,1.9,-8.8,0
1093,2018-12-029,-2.0,2.3,-8.4,0
1094,2018-12-030,-2.0,4.0,-5.5,0
1095,2018-12-031,-1.2,8.3,-8.4,0
1096,2019-01-01,-1.3,6.3,-7.6,0
1097,2019-01-02,-0.6,7.0,-6.9,0
1098,2019-01-03,-1.8,9.4,-8.9,0
1099,2019-01-04,-0.4,6.1,-8.4,0
1100,2019-01-05,2.3,10.5,-4.8,0
1101,2019-01-06,0.0,10.5,-5.3,0
1102,2019-01-07,0.1,9.1,-7.9,0
1103,2019-01-08,0.8,8.6,-5.1,0
1104,2019-01-09,-0.4,4.9,-3.8,0
1105,2019-01-10,2.5,9.1,-2.3,0
1106,2019-01-11,2.4,10.0,-4.2,0.0
1107,2019-01-12,3.7,9.5,-1.6,4.0
1108,2019-01-13,1.6,11.4,-3.2,0
1109,2019-01-14,1.2,11.3,-5.6,0
1110,2019-01-15,2.2,10.0,-2.8,0
1111,2019-01-16,-0.8,6.2,-6.7,0
1112,2019-01-17,0.0,7.1,-8.4,0
1113,2019-01-18,0.7,10.9,-7.1,0
1114,2019-01-19,3.7,12.2,-3.2,0.0
1115,2019-01-20,3.5,9.2,-2.0,0.0
1116,2019-01-21,-0.5,9.1,-7.7,0
1117,2019-01-22,0.5,10.8,-7.2,0
1118,2019-01-23,1.7,12.3,-6.9,0
1119,2019-01-24,0.8,11.5,-6.6,0
1120,2019-01-25,0.4,7.9,-5.9,0
1121,2019-01-26,-0.3,5.7,-6.8,0
1122,2019-01-27,-1.4,9.1,-10.1,0
1123,2019-01-28,1.7,10.9,-5.8,0
1124,2019-01-29,0.1,10.4,-7.4,0
1125,2019-01-30,3.8,12.5,-4.9,0
1126,2019-01-31,0.7,7.0,-4.6,9.5
1127,2019-02-01,-1.0,6.4,-6.2,0
1128,2019-02-02,1.4,9.2,-8.0,0.0
1129,2019-02-03,6.8,12.3,3.2,13.5
1130,2019-02-04,4.8,10.6,-1.9,0
1131,2019-02-05,2.4,12.9,-5.8,0
1132,2019-02-06,5.1,15.5,-3.7,0
1133,2019-02-07,5.2,11.6,0.7,0
1134,2019-02-08,1.7,8.0,-1.2,0
1135,2019-02-09,1.2,4.5,-1.0,0
1136,2019-02-10,2.1,7.1,-3.1,0
1137,2019-02-11,1.1,7.3,-3.6,0
1138,2019-02-12,0.9,9.1,-7.0,0
1139,2019-02-13,3.2,9.4,-3.0,0
1140,2019-02-14,2.5,9.6,-1.8,0
1141,2019-02-15,4.1,11.6,-2.2,0
1142,2019-02-16,1.8,6.0,-2.0,0
1143,2019-02-17,0.7,9.7,-4.5,0
1144,2019-02-18,2.3,7.5,-4.4,0.0
1145,2019-02-19,4.2,8.9,1.1,29.0
1146,2019-02-20,4.5,10.6,-1.0,0
1147,2019-02-21,4.0,11.8,-3.0,0
1148,2019-02-22,4.2,12.6,-1.6,0
1149,2019-02-23,5.4,14.3,-3.0,0
1150,2019-02-24,5.9,15.6,-2.0,0
1151,2019-02-25,6.9,17.5,-1.7,0
1152,2019-02-26,6.6,15.3,-2.2,0
1153,2019-02-27,7.9,13.5,4.3,0.5
1154,2019-02-28,8.5,15.4,2.3,0.5
1155,2019-03-01,6.7,15.4,-1.4,0
1156,2019-03-02,7.6,15.6,-1.0,0
1157,2019-03-03,10.2,15.0,5.8,0.0
1158,2019-03-04,10.2,17.2,4.3,0
1159,2019-03-05,8.9,15.5,-0.5,0
1160,2019-03-06,9.2,14.4,4.9,2.0
1161,2019-03-07,7.5,14.9,0.6,0
1162,2019-03-08,6.7,16.1,-1.9,0
1163,2019-03-09,8.0,16.1,-2.0,0.0
1164,2019-03-10,7.1,9.5,2.6,21.0
1165,2019-03-11,6.8,15.3,0.6,0.0
1166,2019-03-12,6.9,14.1,0.1,0.0
1167,2019-03-13,4.5,10.6,-2.2,0
1168,2019-03-14,5.3,13.2,-4.0,0
1169,2019-03-15,5.1,13.2,-1.4,0.0
1170,2019-03-16,6.1,12.8,-1.7,0
1171,2019-03-17,7.2,15.6,-1.1,0
1172,2019-03-18,8.1,14.8,-0.9,0
1173,2019-03-19,11.6,22.0,1.1,0
1174,2019-03-20,11.2,17.2,4.3,19.0
1175,2019-03-21,14.6,19.8,8.3,0.0
1176,2019-03-22,9.3,15.2,5.0,0
1177,2019-03-23,6.3,12.8,1.6,0.0
1178,2019-03-24,4.9,12.1,-3.0,0
1179,2019-03-25,6.0,13.1,-1.8,0
1180,2019-03-26,9.7,21.1,-0.7,0
1181,2019-03-27,12.3,20.1,1.4,0
1182,2019-03-28,12.8,19.5,7.3,0
1183,2019-03-29,12.7,19.5,7.8,0
1184,2019-03-30,11.2,18.1,5.6,0.0
1185,2019-03-31,6.6,11.8,2.6,0
1186,2019-04-01,6.3,13.4,-2.1,0
1187,2019-04-02,7.7,15.3,-1.3,0
1188,2019-04-03,8.8,15.7,-0.5,0
1189,2019-04-04,10.9,20.5,-1.8,0
1190,2019-04-05,12.8,21.9,2.2,0
1191,2019-04-06,12.6,20.7,1.7,0
1192,2019-04-07,11.5,18.5,6.0,0
1193,2019-04-08,14.3,21.6,8.8,0
1194,2019-04-09,10.4,16.4,6.5,24.0
1195,2019-04-10,8.4,11.6,5.6,10.9
1196,2019-04-11,9.1,14.3,2.4,0
1197,2019-04-12,10.9,19.4,4.0,0
1198,2019-04-13,11.5,18.8,2.7,0
1199,2019-04-14,12.2,16.5,7.8,0.0
1200,2019-04-15,11.3,21.5,1.1,0
1201,2019-04-16,13.1,22.8,1.9,0
1202,2019-04-17,15.2,21.6,9.0,0
1203,2019-04-18,14.8,23.8,5.9,0
1204,2019-04-19,12.7,16.6,9.1,0
1205,2019-04-20,14.0,22.3,5.5,0
1206,2019-04-21,16.5,25.0,8.1,0
1207,2019-04-22,17.5,26.0,10.5,0
1208,2019-04-23,14.7,18.5,10.6,8.3
1209,2019-04-24,17.6,21.7,14.6,6.0
1210,2019-04-25,15.2,17.2,13.0,11.1
1211,2019-04-26,12.3,15.1,9.0,0.0
1212,2019-04-27,12.0,18.7,5.4,0.0
1213,2019-04-28,12.0,18.9,7.7,0.1
1214,2019-04-29,11.1,11.8,9.3,54.2
1215,2019-04-30,15.7,20.8,11.6,0
1216,2019-05-01,16.7,23.7,11.8,0
1217,2019-05-02,16.0,25.1,6.4,0
1218,2019-05-03,16.2,27.9,5.5,0
1219,2019-05-04,16.7,28.2,6.1,0
1220,2019-05-05,18.1,27.6,8.7,0
1221,2019-05-06,15.4,24.1,7.9,0
1222,2019-05-07,14.6,22.2,6.9,0.0
1223,2019-05-08,14.7,22.9,4.7,0
1224,2019-05-09,16.2,24.8,8.3,0
1225,2019-05-10,16.7,27.6,7.1,0
1226,2019-05-11,17.9,28.0,8.3,0
1227,2019-05-12,18.3,28.5,10.0,0
1228,2019-05-13,17.8,25.4,8.3,0
1229,2019-05-14,21.0,26.9,16.3,0.0
1230,2019-05-15,20.3,28.8,14.3,0
1231,2019-05-16,20.8,30.1,13.4,0
1232,2019-05-17,20.7,29.5,12.6,4.7
1233,2019-05-18,17.2,18.0,16.2,44.2
1234,2019-05-19,18.6,20.4,16.7,15.7
1235,2019-05-20,17.5,22.9,10.6,0.4
1236,2019-05-21,17.6,26.2,6.3,0
1237,2019-05-22,18.7,27.7,8.3,0
1238,2019-05-23,21.1,31.8,11.3,0
1239,2019-05-24,21.5,30.5,11.1,0
1240,2019-05-25,22.4,32.2,13.8,0
1241,2019-05-26,22.0,28.5,15.6,0.1
1242,2019-05-27,19.8,21.2,17.1,66.0
1243,2019-05-28,18.8,26.6,11.7,0
1244,2019-05-29,19.7,30.3,9.6,0
1245,2019-05-30,20.3,29.0,9.3,0.0
1246,2019-05-31,17.1,22.6,13.6,1.2
1247,2019-06-01,19.0,27.0,11.8,0
1248,2019-06-02,20.1,28.6,13.1,0
1249,2019-06-03,21.5,30.3,12.8,0
1250,2019-06-04,22.5,30.7,14.0,0
1251,2019-06-05,23.9,32.7,17.0,0
1252,2019-06-06,21.1,28.3,16.4,21.4
1253,2019-06-07,19.0,22.7,16.6,15.8
1254,2019-06-08,20.2,25.8,16.2,0.2
1255,2019-06-09,20.6,26.2,16.2,0
1256,2019-06-10,19.2,23.1,15.8,0.3
1257,2019-06-11,19.0,24.9,15.5,1.9
1258,2019-06-12,20.7,27.6,15.1,0
1259,2019-06-13,21.1,28.3,16.7,0
1260,2019-06-14,19.1,22.7,15.8,2.7
1261,2019-06-15,21.9,29.2,15.3,0.0
1262,2019-06-16,20.9,27.0,13.8,0
1263,2019-06-17,21.9,26.9,18.1,0
1264,2019-06-18,22.3,27.5,17.0,0
1265,2019-06-19,22.8,30.1,17.2,0.0
1266,2019-06-20,24.2,30.1,18.3,0
1267,2019-06-21,24.4,30.1,18.7,0
1268,2019-06-22,22.3,27.7,20.0,0.5
1269,2019-06-23,21.5,28.4,17.7,6.3
1270,2019-06-24,21.9,27.7,17.1,0
1271,2019-06-25,23.3,29.9,17.5,0
1272,2019-06-26,18.5,19.8,16.2,93.7
1273,2019-06-27,23.9,29.6,19.7,40.0
1274,2019-06-28,24.2,28.3,21.1,0
1275,2019-06-29,20.7,21.5,20.1,60.9
1276,2019-06-30,23.9,29.6,19.7,0
1277,2019-07-01,23.8,26.2,20.8,0.3
1278,2019-07-02,24.0,29.6,18.8,0
1279,2019-07-03,23.1,28.2,18.6,0
1280,2019-07-04,24.5,31.6,18.9,0
1281,2019-07-05,24.8,31.6,19.1,0
1282,2019-07-06,25.0,32.0,17.3,0
1283,2019-07-07,23.1,28.6,18.1,0
1284,2019-07-08,23.1,28.0,17.7,0.0
1285,2019-07-09,23.0,26.7,19.6,0
1286,2019-07-10,20.7,21.8,19.2,27.0
1287,2019-07-11,24.2,29.5,20.3,0.1
1288,2019-07-12,24.3,29.5,18.7,0
1289,2019-07-13,22.1,25.2,19.6,0.9
1290,2019-07-14,23.8,29.2,19.2,0.6
1291,2019-07-15,24.1,28.9,20.7,5.1
1292,2019-07-16,23.7,29.3,19.2,4.8
1293,2019-07-17,24.4,29.1,19.2,2.0
1294,2019-07-18,22.5,24.2,20.7,24.8
1295,2019-07-19,23.5,24.7,22.3,30.7
1296,2019-07-20,24.1,25.7,23.1,113.1
1297,2019-07-21,25.3,28.6,23.2,24.0
1298,2019-07-22,26.8,31.7,22.7,0
1299,2019-07-23,27.3,32.1,23.7,0
1300,2019-07-24,26.3,28.9,24.7,0
1301,2019-07-25,26.6,29.5,25.0,0.0
1302,2019-07-26,27.1,29.7,25.2,0.0
1303,2019-07-27,26.7,28.3,25.1,0.6
1304,2019-07-28,27.7,31.0,24.9,0
1305,2019-07-29,27.8,32.1,23.6,0
1306,2019-07-30,28.5,32.1,25.6,0
1307,2019-07-31,28.8,32.6,26.0,0
1308,2019-08-01,28.4,33.6,23.7,0
1309,2019-08-02,28.8,35.2,24.0,0
1310,2019-08-03,28.5,34.4,23.7,0
1311,2019-08-04,29.0,34.9,23.7,0
1312,2019-08-05,29.0,35.7,23.4,0
1313,2019-08-06,26.5,29.8,23.3,7.3
1314,2019-08-07,27.7,33.3,23.7,0.0
1315,2019-08-08,28.4,33.7,24.0,0
1316,2019-08-09,28.4,34.2,23.5,0
1317,2019-08-10,28.1,34.1,23.7,0
1318,2019-08-11,28.0,32.5,23.5,0
1319,2019-08-12,28.2,30.9,24.7,0.2
1320,2019-08-13,28.6,35.4,24.4,2.2
1321,2019-08-14,29.4,34.7,24.2,0.6
1322,2019-08-15,28.3,32.7,25.2,0.3
1323,2019-08-16,27.8,33.2,23.1,0
1324,2019-08-17,26.7,32.7,20.5,0
1325,2019-08-18,27.3,33.2,21.6,0
1326,2019-08-19,25.7,31.9,19.5,0
1327,2019-08-20,26.9,31.1,22.1,0.2
1328,2019-08-21,25.7,28.6,24.2,13.3
1329,2019-08-22,26.7,31.7,23.8,29.8
1330,2019-08-23,24.4,29.0,21.0,0.0
1331,2019-08-24,23.3,29.3,17.0,0
1332,2019-08-25,22.0,26.0,18.7,0.3
1333,2019-08-26,23.9,30.5,18.1,0
1334,2019-08-27,22.6,24.2,21.2,10.7
1335,2019-08-28,23.8,27.6,21.9,0.3
1336,2019-08-29,22.3,24.1,19.6,0.2
1337,2019-08-30,22.7,29.8,17.6,0
1338,2019-08-31,22.4,29.5,15.8,0
1339,2019-09-01,21.4,24.8,18.7,2.3
1340,2019-09-02,20.2,21.4,19.3,24.9
1341,2019-09-03,21.9,24.6,20.1,95.9
1342,2019-09-04,23.6,25.6,22.1,11.5
1343,2019-09-05,25.2,29.9,22.7,7.0
1344,2019-09-06,26.0,30.2,22.0,1.8
1345,2019-09-07,25.6,27.6,23.2,27.0
1346,2019-09-08,25.1,29.1,21.5,0.2
1347,2019-09-09,26.5,31.6,23.2,0.7
1348,2019-09-10,26.2,29.8,23.4,0.2
1349,2019-09-11,25.7,30.5,22.0,1.8
1350,2019-09-12,20.3,22.0,18.6,0.5
1351,2019-09-13,21.8,27.9,17.2,0
1352,2019-09-14,22.4,30.1,15.0,0
1353,2019-09-15,25.0,30.7,20.1,0
1354,2019-09-16,23.5,29.0,18.5,0
1355,2019-09-17,20.8,28.2,14.1,0
1356,2019-09-18,21.1,30.3,14.5,0
1357,2019-09-19,19.4,26.0,14.0,0
1358,2019-09-20,19.2,25.1,13.0,0
1359,2019-09-21,17.7,19.2,16.7,74.5
1360,2019-09-22,17.8,20.2,16.6,99.2
1361,2019-09-23,18.1,20.5,16.6,0.1
1362,2019-09-24,18.3,25.9,13.3,0
1363,2019-09-25,17.7,25.1,11.1,0
1364,2019-09-26,20.5,27.9,14.4,0
1365,2019-09-27,21.7,25.9,17.5,3.4
1366,2019-09-28,22.9,26.3,20.7,1.2
1367,2019-09-29,24.2,30.1,20.7,0
1368,2019-09-30,23.5,27.3,20.7,0.0
1369,2019-10-1,21.5,23.6,20.2,16.5
1370,2019-10-2,21.6,24.5,19.8,139.6
1371,2019-10-3,23.4,28.0,18.6,4.1
1372,2019-10-4,21.4,27.6,16.7,0
1373,2019-10-5,21.7,25.9,18.8,0
1374,2019-10-6,18.3,22.7,13.8,0
1375,2019-10-7,15.9,17.6,14.5,7.4
1376,2019-10-8,17.0,23.6,10.1,0
1377,2019-10-9,12.8,22.6,5.3,0
1378,2019-10-010,15.0,24.1,6.9,0
1379,2019-10-011,18.9,27.2,11.5,0
1380,2019-10-012,19.9,25.1,15.9,0
1381,2019-10-013,16.7,23.1,11.0,0
1382,2019-10-014,15.6,24.5,8.3,0
1383,2019-10-015,14.9,18.8,11.4,0
1384,2019-10-016,13.3,21.5,8.4,0
1385,2019-10-017,13.5,19.3,8.8,0
1386,2019-10-018,14.9,16.7,10.3,9.8
1387,2019-10-019,17.7,24.4,13.8,0
1388,2019-10-020,15.7,24.0,10.5,0
1389,2019-10-021,14.8,23.4,8.3,0
1390,2019-10-022,15.9,23.6,9.3,0
1391,2019-10-023,16.1,20.8,11.8,0.0
1392,2019-10-024,18.0,22.1,12.7,0
1393,2019-10-025,17.5,24.2,11.9,0
1394,2019-10-026,14.3,19.9,7.6,0
1395,2019-10-027,9.8,18.3,3.7,0
1396,2019-10-028,10.7,18.9,2.4,0
1397,2019-10-029,11.9,20.5,5.9,0
1398,2019-10-030,10.4,19.7,3.7,0
1399,2019-10-031,10.8,21.4,3.0,0
1400,2019-11-1,12.6,23.2,4.7,0
1401,2019-11-2,12.8,20.4,6.9,0
1402,2019-11-3,13.6,21.4,9.1,0
1403,2019-11-4,12.6,19.0,7.5,0
1404,2019-11-5,11.8,20.1,6.8,0
1405,2019-11-6,10.6,20.5,3.6,0
1406,2019-11-7,10.9,19.6,5.5,0
1407,2019-11-8,8.4,17.8,2.2,0
1408,2019-11-9,7.9,19.5,-0.6,0
1409,2019-11-010,9.3,17.2,0.6,8.1
1410,2019-11-011,12.7,19.5,6.3,0.0
1411,2019-11-012,9.4,17.8,2.5,0
1412,2019-11-013,10.5,16.2,2.4,0.0
1413,2019-11-014,6.1,12.8,-1.5,0
1414,2019-11-015,7.6,16.2,-3.3,0
1415,2019-11-016,11.1,20.0,3.3,0
1416,2019-11-017,11.6,17.7,6.5,0.5
1417,2019-11-018,11.8,19.2,4.9,12.8
1418,2019-11-019,4.9,9.8,0.6,0
1419,2019-11-020,4.2,11.5,-1.7,0
1420,2019-11-021,5.2,14.5,-3.5,0
1421,2019-11-022,8.7,18.2,0.9,0
1422,2019-11-023,10.8,19.7,2.7,0
1423,2019-11-024,13.9,20.4,9.8,0.1
1424,2019-11-025,9.8,14.7,8.3,0
1425,2019-11-026,9.7,15.3,5.8,0
1426,2019-11-027,8.2,12.3,5.1,0
1427,2019-11-028,6.5,12.8,1.3,0
1428,2019-11-029,3.9,14.0,-1.7,0
1429,2019-11-030,6.1,15.3,-3.3,0
1430,2019-12-1,6.8,8.3,5.4,26.7
1431,2019-12-2,5.9,9.4,2.0,0
1432,2019-12-3,2.1,8.2,-3.3,0
1433,2019-12-4,2.9,12.0,-3.1,0
1434,2019-12-5,2.3,9.0,-2.6,0
1435,2019-12-6,-1.9,5.1,-6.6,0
1436,2019-12-7,-0.3,9.9,-9.7,0
1437,2019-12-8,0.5,10.0,-4.6,0
1438,2019-12-9,1.2,11.0,-6.2,0
1439,2019-12-010,5.1,15.8,-2.3,0
1440,2019-12-011,7.5,17.0,0.9,0
1441,2019-12-012,2.9,9.1,-3.2,0
1442,2019-12-013,0.5,9.5,-6.0,0
1443,2019-12-014,3.1,12.0,-2.8,0
1444,2019-12-015,4.4,13.5,-3.0,0
1445,2019-12-016,5.3,14.0,-1.0,0
1446,2019-12-017,7.3,13.0,0.2,0.0
1447,2019-12-018,7.2,14.1,2.1,0
1448,2019-12-019,4.4,11.6,-1.6,0
1449,2019-12-020,1.9,8.6,-3.6,0
1450,2019-12-021,-0.8,4.5,-4.4,0
1451,2019-12-022,1.6,9.5,-3.8,0
1452,2019-12-023,2.3,12.1,-3.6,0
1453,2019-12-024,2.2,11.6,-3.0,0
1454,2019-12-025,4.2,13.8,-4.6,0
1455,2019-12-026,4.6,6.7,1.5,1.2
1456,2019-12-027,2.2,7.8,-3.6,0
1457,2019-12-028,-0.6,8.2,-7.1,0
1458,2019-12-029,1.4,5.4,-4.9,13.0
1459,2019-12-030,6.0,11.1,2.7,0.6
1460,2019-12-031,-1.1,3.5,-6.4,0
1461,2020-01-01,-1.6,6.9,-8.2,0
1462,2020-01-02,-0.3,9.0,-6.4,0
1463,2020-01-03,0.5,10.8,-5.9,0
1464,2020-01-04,0.9,10.6,-5.8,0
1465,2020-01-05,1.0,10.8,-6.5,0
1466,2020-01-06,3.1,4.6,-2.4,13.8
1467,2020-01-07,9.9,17.3,4.5,40.3
1468,2020-01-08,7.4,14.3,3.2,0
1469,2020-01-09,3.1,9.8,-1.9,0
1470,2020-01-10,0.7,9.6,-5.0,0
1471,2020-01-11,2.9,10.2,-4.2,0
1472,2020-01-12,2.4,8.2,-3.1,0
1473,2020-01-13,-0.2,7.4,-5.5,0
1474,2020-01-14,0.6,6.1,-4.0,0
1475,2020-01-15,-0.4,7.3,-6.6,0
1476,2020-01-16,0.6,7.8,-5.0,0
1477,2020-01-17,1.9,9.6,-3.5,0
1478,2020-01-18,1.7,11.8,-5.4,0
1479,2020-01-19,1.1,10.5,-4.5,0
1480,2020-01-20,0.7,9.3,-5.6,0
1481,2020-01-21,0.6,9.3,-7.0,0
1482,2020-01-22,3.5,4.9,0.0,20.1
1483,2020-01-23,6.7,10.8,4.4,7.9
1484,2020-01-24,5.8,13.3,0.6,0
1485,2020-01-25,6.0,10.3,2.2,0
1486,2020-01-26,7.3,11.6,1.1,0
1487,2020-01-27,5.9,8.5,4.5,22.8
1488,2020-01-28,8.2,11.3,5.6,0.3
1489,2020-01-29,6.6,10.5,4.2,0.5
1490,2020-01-30,5.2,10.4,-0.2,0
1491,2020-01-31,2.3,10.2,-2.8,0
1492,2020-02-01,2.0,10.1,-4.7,0
1493,2020-02-02,2.3,10.9,-3.6,0
1494,2020-02-03,1.6,9.6,-3.8,0
1495,2020-02-04,0.3,9.2,-6.7,0
1496,2020-02-05,-0.1,4.8,-4.2,0
1497,2020-02-06,-1.6,5.3,-7.5,0
1498,2020-02-07,2.3,9.8,-4.8,0
1499,2020-02-08,2.7,8.9,-4.0,0
1500,2020-02-09,0.7,8.4,-6.5,0
1501,2020-02-10,2.6,12.6,-5.3,0
1502,2020-02-11,5.4,14.3,-4.5,0
1503,2020-02-12,8.6,11.3,6.0,20.8
1504,2020-02-13,8.3,15.9,3.6,0
1505,2020-02-14,9.2,19.2,3.7,0
1506,2020-02-15,10.0,16.8,2.4,0.5
1507,2020-02-16,5.0,10.3,-0.7,4.0
1508,2020-02-17,-0.3,2.4,-2.5,0
1509,2020-02-18,0.4,8.5,-6.9,0
1510,2020-02-19,3.1,12.2,-5.5,0
1511,2020-02-20,5.4,14.8,-2.3,0
1512,2020-02-21,7.0,15.1,-2.5,1.3
1513,2020-02-22,8.3,13.0,1.1,0.5
1514,2020-02-23,3.6,11.4,-4.0,0
1515,2020-02-24,6.7,16.1,-3.8,0.6
1516,2020-02-25,8.1,9.1,7.6,17.1
1517,2020-02-26,9.4,15.2,4.0,0
1518,2020-02-27,7.3,11.0,4.3,0
1519,2020-02-28,5.2,7.1,3.5,1.3
1520,2020-02-29,6.5,12.1,2.0,0
1521,2020-03-01,8.9,15.3,1.7,0.0
1522,2020-03-02,7.7,13.7,1.7,0
1523,2020-03-03,6.9,13.2,0.8,0
1524,2020-03-04,6.2,12.0,1.3,0.0
1525,2020-03-05,3.3,11.8,-3.3,0
1526,2020-03-06,4.1,13.8,-4.7,0
1527,2020-03-07,4.5,9.6,0.1,3.9
1528,2020-03-08,7.4,17.2,-0.7,0
1529,2020-03-09,8.0,13.7,0.5,7.4
1530,2020-03-10,9.0,11.0,3.5,10.3
1531,2020-03-11,4.8,12.3,-2.3,0
1532,2020-03-12,6.0,15.6,-3.5,0
1533,2020-03-13,9.3,17.3,0.8,0
1534,2020-03-14,7.4,11.8,2.7,0
1535,2020-03-15,6.0,13.1,-1.9,0.0
1536,2020-03-16,5.6,11.9,-2.5,0
1537,2020-03-17,9.3,18.7,-1.5,0
1538,2020-03-18,9.4,18.2,0.0,0
1539,2020-03-19,12.1,18.5,5.3,0
1540,2020-03-20,10.6,16.4,2.8,0
1541,2020-03-21,12.3,20.8,1.6,0
1542,2020-03-22,13.6,22.2,7.4,0
1543,2020-03-23,11.6,20.3,0.8,0
1544,2020-03-24,9.6,18.7,1.7,0
1545,2020-03-25,11.2,19.6,1.3,0
1546,2020-03-26,10.8,12.6,8.0,18.6
1547,2020-03-27,14.6,22.6,9.6,0.9
1548,2020-03-28,8.7,12.3,5.5,0
1549,2020-03-29,9.0,15.9,0.4,0
1550,2020-03-30,11.4,18.4,6.3,0
1551,2020-03-31,11.4,20.6,2.9,0
1552,2020-04-01,13.6,20.9,8.3,0.4
1553,2020-04-02,9.7,18.1,1.0,0
1554,2020-04-03,10.8,19.8,1.2,0
1555,2020-04-04,10.9,21.7,0.7,0
1556,2020-04-05,7.5,16.7,-1.4,0
1557,2020-04-06,9.3,18.4,-1.5,0
1558,2020-04-07,13.0,22.1,3.5,0
1559,2020-04-08,12.1,20.0,3.3,0
1560,2020-04-09,10.2,18.2,0.5,0
1561,2020-04-10,9.5,11.7,7.4,0.0
1562,2020-04-11,9.2,13.3,6.4,4.2
1563,2020-04-12,9.3,13.2,6.5,4.4
1564,2020-04-13,9.9,16.7,3.5,0
1565,2020-04-14,11.8,22.8,-0.3,0
1566,2020-04-15,11.3,20.5,3.4,0
1567,2020-04-16,11.4,20.0,2.2,0
1568,2020-04-17,10.7,12.0,8.0,28.9
1569,2020-04-18,14.1,21.7,7.4,0
1570,2020-04-19,10.8,14.0,8.8,30.0
1571,2020-04-20,13.6,20.0,7.0,0
1572,2020-04-21,11.4,18.3,6.3,0
1573,2020-04-22,8.1,14.6,1.2,0
1574,2020-04-23,8.1,15.8,-0.6,0
1575,2020-04-24,10.4,17.8,-0.5,0
1576,2020-04-25,14.4,21.3,4.0,0
1577,2020-04-26,13.7,20.7,4.8,0
1578,2020-04-27,12.7,20.6,4.0,0
1579,2020-04-28,12.4,21.9,2.2,0
1580,2020-04-29,14.6,24.2,3.6,0
1581,2020-04-30,16.0,23.5,4.5,0
1582,2020-05-01,20.7,25.5,16.8,0
1583,2020-05-02,19.2,26.3,13.8,1.3
1584,2020-05-03,16.8,18.2,15.1,29.5
1585,2020-05-04,20.8,28.2,15.1,0
1586,2020-05-05,17.7,20.5,15.3,0
1587,2020-05-06,19.1,28.8,12.0,0
1588,2020-05-07,16.2,24.5,8.5,0
1589,2020-05-08,15.7,22.6,5.5,0.0
1590,2020-05-09,17.0,19.2,15.7,45.9
1591,2020-05-10,18.1,25.4,12.1,0
1592,2020-05-11,19.6,28.9,9.0,0
1593,2020-05-12,19.4,24.8,13.7,0
1594,2020-05-13,17.1,25.6,7.3,0
1595,2020-05-14,17.2,25.9,8.6,0
1596,2020-05-15,15.0,16.8,14.1,17.8
1597,2020-05-16,19.4,26.2,15.1,0.8
1598,2020-05-17,19.3,24.0,15.8,0
1599,2020-05-18,17.8,21.1,15.3,13.6
1600,2020-05-19,14.3,18.7,9.9,0.0
1601,2020-05-20,15.8,23.3,8.0,0
1602,2020-05-21,16.1,21.2,12.8,0
1603,2020-05-22,16.5,23.2,10.8,0
1604,2020-05-23,17.4,25.2,9.6,0
1605,2020-05-24,19.7,25.1,13.1,0
1606,2020-05-25,19.4,24.9,14.3,0
1607,2020-05-26,19.1,25.1,15.1,0
1608,2020-05-27,19.8,27.3,13.1,0
1609,2020-05-28,19.5,26.2,11.3,0
1610,2020-05-29,20.2,28.3,11.9,0
1611,2020-05-30,19.8,25.5,14.5,0
1612,2020-05-31,19.8,26.2,14.6,1.2
1613,2020-06-01,22.1,28.9,15.9,0
1614,2020-06-02,20.2,28.6,10.9,0.0
1615,2020-06-03,21.4,27.8,15.3,0
1616,2020-06-04,24.2,30.9,19.7,0
1617,2020-06-05,24.1,31.1,17.6,0
1618,2020-06-06,22.5,30.0,19.5,2.5
1619,2020-06-07,22.6,29.0,17.4,0
1620,2020-06-08,23.1,32.2,14.1,0
1621,2020-06-09,24.2,33.1,14.3,0
1622,2020-06-10,24.7,32.8,18.3,0.4
1623,2020-06-11,24.8,31.2,20.7,3.2
1624,2020-06-12,24.6,30.2,21.7,11.2
1625,2020-06-13,23.1,27.2,20.8,39.6
1626,2020-06-14,24.4,29.1,20.0,11.6
1627,2020-06-15,23.6,30.4,17.3,0
1628,2020-06-16,23.9,31.8,16.7,0
1629,2020-06-17,21.5,26.7,16.1,0.5
1630,2020-06-18,18.1,20.4,16.6,38.5
1631,2020-06-19,22.3,29.2,17.6,2.2
1632,2020-06-20,22.3,28.6,18.2,0
1633,2020-06-21,22.3,29.2,17.7,0
1634,2020-06-22,22.9,30.0,15.6,0
1635,2020-06-23,23.4,30.5,16.3,0
1636,2020-06-24,22.0,24.7,19.2,26.9
1637,2020-06-25,22.9,25.2,21.2,2.9
1638,2020-06-26,24.4,30.7,19.1,0
1639,2020-06-27,24.2,30.2,19.1,0
1640,2020-06-28,25.8,31.4,20.1,0
1641,2020-06-29,21.8,25.3,19.7,92.6
1642,2020-06-30,22.7,26.7,19.4,2.1
1643,2020-07-01,22.3,27.5,18.6,0
1644,2020-07-02,21.6,27.1,16.5,0
1645,2020-07-03,19.5,21.3,18.1,10.4
1646,2020-07-04,21.1,25.1,17.2,0
1647,2020-07-05,22.2,27.1,19.3,0
1648,2020-07-06,22.0,24.0,18.9,0.0
1649,2020-07-07,24.6,30.1,21.8,0
1650,2020-07-08,24.9,30.2,20.8,0
1651,2020-07-09,22.6,27.3,18.8,2.6
1652,2020-07-10,23.9,28.7,21.7,62.6
1653,2020-07-11,24.7,29.7,21.7,0
1654,2020-07-12,20.9,22.1,19.3,71.0
1655,2020-07-13,19.3,20.2,18.5,121.1
1656,2020-07-14,20.2,23.1,18.8,7.9
1657,2020-07-15,19.5,21.7,18.7,7.5
1658,2020-07-16,22.0,28.2,18.2,0
1659,2020-07-17,22.7,29.4,18.8,0
1660,2020-07-18,22.1,25.7,18.7,0
1661,2020-07-19,23.3,26.2,20.7,6.6
1662,2020-07-20,26.3,30.2,23.8,0.7
1663,2020-07-21,25.2,29.6,22.0,8.3
1664,2020-07-22,23.4,25.1,22.1,36.1
1665,2020-07-23,22.5,23.7,21.7,102.8
1666,2020-07-24,21.1,22.7,20.0,9.3
1667,2020-07-25,21.6,24.5,19.8,5.2
1668,2020-07-26,23.7,28.8,20.2,0
1669,2020-07-27,22.0,25.2,19.7,41.4
1670,2020-07-28,24.4,28.9,22.0,21.9
1671,2020-07-29,24.4,27.4,23.2,23.7
1672,2020-07-30,24.6,30.8,21.8,48.4
1673,2020-07-31,26.2,31.3,22.4,0
1674,2020-08-01,26.6,31.1,23.3,0
1675,2020-08-02,27.4,31.4,24.5,0
1676,2020-08-03,27.2,30.4,24.7,0
1677,2020-08-04,27.4,31.2,23.2,0
1678,2020-08-05,27.1,29.5,24.3,26.6
1679,2020-08-06,26.9,27.8,25.8,11.8
1680,2020-08-07,25.4,27.3,23.4,90.3
1681,2020-08-08,25.3,26.3,23.6,107.5
1682,2020-08-09,27.4,30.6,24.3,1.1
1683,2020-08-10,25.8,28.0,24.7,68.9
1684,2020-08-11,26.5,29.8,25.5,21.9
1685,2020-08-12,27.8,30.9,25.6,1.8
1686,2020-08-13,28.0,32.7,24.2,0
1687,2020-08-14,28.7,32.2,26.1,0
1688,2020-08-15,29.2,34.5,25.3,0
1689,2020-08-16,28.4,33.3,23.2,0
1690,2020-08-17,28.3,34.8,24.5,0
1691,2020-08-18,28.5,35.0,23.5,0
1692,2020-08-19,28.3,35.2,23.0,0
1693,2020-08-20,28.4,35.7,22.6,0
1694,2020-08-21,27.5,32.9,23.3,0
1695,2020-08-22,26.7,30.8,23.7,0
1696,2020-08-23,26.6,32.2,22.8,0
1697,2020-08-24,27.1,33.2,22.7,0
1698,2020-08-25,28.0,34.1,22.2,0.0
1699,2020-08-26,27.4,32.6,25.1,8.3
1700,2020-08-27,27.3,30.8,25.5,14.6
1701,2020-08-28,26.7,30.6,24.2,0.8
1702,2020-08-29,27.2,31.9,24.0,0.9
1703,2020-08-30,27.8,34.3,24.5,0.0
1704,2020-08-31,26.6,30.2,23.6,2.2
1705,2020-09-01,26.0,30.5,22.2,0.0
1706,2020-09-02,25.2,27.1,23.8,49.9
1707,2020-09-03,25.8,30.6,18.4,50.5
1708,2020-09-04,22.6,29.2,16.6,0
1709,2020-09-05,19.9,22.6,17.8,7.3
1710,2020-09-06,20.3,22.7,17.8,7.9
1711,2020-09-07,22.2,24.9,19.3,49.9
1712,2020-09-08,24.3,29.1,21.5,0.5
1713,2020-09-09,22.5,27.2,18.6,10.8
1714,2020-09-10,22.9,28.9,19.4,10.5
1715,2020-09-11,21.8,26.3,19.7,3.3
1716,2020-09-12,21.2,24.5,18.7,2.4
1717,2020-09-13,20.5,23.8,18.4,0.4
1718,2020-09-14,22.1,27.7,18.8,0
1719,2020-09-15,22.8,28.3,18.2,0
1720,2020-09-16,21.4,23.3,19.8,1.8
1721,2020-09-17,20.6,23.7,18.1,3.7
1722,2020-09-18,18.9,23.4,14.8,1.1
1723,2020-09-19,18.6,26.5,11.3,0
1724,2020-09-20,18.2,27.0,10.6,0
1725,2020-09-21,17.5,24.5,11.1,0
1726,2020-09-22,17.6,23.2,13.5,0
1727,2020-09-23,19.1,22.6,13.1,0
1728,2020-09-24,20.2,24.5,15.1,0.0
1729,2020-09-25,19.9,25.7,13.2,0
1730,2020-09-26,18.9,26.0,13.6,0
1731,2020-09-27,18.4,25.2,13.2,0
1732,2020-09-28,17.0,24.7,10.0,0
1733,2020-09-29,17.0,25.3,10.0,0
1734,2020-09-30,18.9,26.0,12.6,0
1735,2020-10-1,19.3,26.1,13.7,0
1736,2020-10-2,19.5,25.4,13.8,0
1737,2020-10-3,20.6,26.3,17.3,0.0
1738,2020-10-4,19.5,24.8,16.0,0.2
1739,2020-10-5,15.9,21.3,10.6,0
1740,2020-10-6,15.1,22.8,7.9,0
1741,2020-10-7,17.4,23.2,10.8,0
1742,2020-10-8,18.2,22.9,15.1,0
1743,2020-10-9,18.8,23.3,14.5,0
1744,2020-10-010,18.3,24.0,13.8,0
1745,2020-10-011,16.2,22.9,10.8,0
1746,2020-10-012,17.2,24.8,12.0,0
1747,2020-10-013,14.2,22.8,8.1,0
1748,2020-10-014,13.4,22.1,6.4,0
1749,2020-10-015,14.0,22.5,8.5,0
1750,2020-10-016,12.1,17.1,5.9,0.0
1751,2020-10-017,14.2,22.4,6.0,0
1752,2020-10-018,13.6,22.1,7.0,0
1753,2020-10-019,12.8,22.2,5.4,0
1754,2020-10-020,12.8,23.2,5.0,0
1755,2020-10-021,13.4,18.6,8.3,27.6
1756,2020-10-022,14.8,18.7,10.9,0.8
1757,2020-10-023,11.1,18.0,4.8,0
1758,2020-10-024,9.4,18.6,2.2,0
1759,2020-10-025,10.8,21.2,2.4,0
1760,2020-10-026,11.4,21.3,3.9,0
1761,2020-10-027,11.7,21.8,5.0,0
1762,2020-10-028,12.7,20.4,7.5,0.0
1763,2020-10-029,10.5,19.6,2.7,0
1764,2020-10-030,10.7,20.2,3.0,0
1765,2020-10-031,9.9,18.6,3.5,0
1766,2020-11-1,11.7,14.2,6.2,0.4
1767,2020-11-2,11.8,18.6,4.5,1.9
1768,2020-11-3,7.3,13.3,1.9,0
1769,2020-11-4,5.3,15.3,-1.8,0
1770,2020-11-5,7.5,15.8,-2.5,0
1771,2020-11-6,11.0,14.6,6.3,0.0
1772,2020-11-7,12.8,22.2,6.2,0
1773,2020-11-8,10.2,19.5,2.2,0
1774,2020-11-9,8.0,14.6,2.8,0
1775,2020-11-010,7.8,16.7,1.5,0
1776,2020-11-011,6.4,16.5,-1.3,0
1777,2020-11-012,7.5,18.8,0.1,0
1778,2020-11-013,8.4,20.2,0.3,0
1779,2020-11-014,9.8,19.5,2.0,0
1780,2020-11-015,10.3,19.5,3.1,0
1781,2020-11-016,11.3,21.6,3.4,0
1782,2020-11-017,15.1,19.3,11.3,0.0
1783,2020-11-018,18.2,23.6,12.9,1.9
1784,2020-11-019,19.3,23.6,12.7,20.4
1785,2020-11-020,9.7,14.0,3.7,0
1786,2020-11-021,8.9,15.3,1.0,0
1787,2020-11-022,9.6,12.1,6.9,1.0
1788,2020-11-023,6.0,12.4,0.6,0
1789,2020-11-024,5.7,13.6,0.2,0
1790,2020-11-025,7.0,15.6,0.1,0
1791,2020-11-026,7.6,13.8,2.4,0
1792,2020-11-027,7.2,13.8,2.2,0
1793,2020-11-028,3.9,9.0,-1.5,0
1794,2020-11-029,3.3,10.8,-3.0,0
1795,2020-11-030,4.1,10.8,-1.8,0
1796,2020-12-1,2.2,10.8,-4.9,0
1797,2020-12-2,3.0,10.9,-2.3,0
1798,2020-12-3,3.7,10.8,-2.7,0
1799,2020-12-4,2.1,9.5,-3.1,0
1800,2020-12-5,2.3,11.5,-4.6,0
1801,2020-12-6,2.4,11.7,-3.9,0
1802,2020-12-7,2.9,10.8,-3.6,0
1803,2020-12-8,2.3,9.0,-3.0,0
1804,2020-12-9,0.8,10.8,-6.0,0
1805,2020-12-010,3.2,10.6,-1.8,0
1806,2020-12-011,4.8,13.4,-2.5,0
1807,2020-12-012,4.9,11.1,-1.8,0
1808,2020-12-013,3.6,11.8,-3.8,0.0
1809,2020-12-014,-1.1,1.9,-4.1,0
1810,2020-12-015,-2.6,2.1,-6.3,0
1811,2020-12-016,-2.7,3.1,-8.8,0
1812,2020-12-017,-2.2,6.1,-9.8,0
1813,2020-12-018,0.2,8.8,-7.0,0
1814,2020-12-019,0.4,4.9,-3.8,0
1815,2020-12-020,0.2,7.3,-6.0,0
1816,2020-12-021,-1.3,7.7,-7.4,0
1817,2020-12-022,-0.7,8.6,-7.5,0
1818,2020-12-023,0.4,9.0,-6.6,0
1819,2020-12-024,4.3,12.8,-1.8,0
1820,2020-12-025,1.7,7.9,-4.0,0
1821,2020-12-026,1.0,9.7,-5.4,0
1822,2020-12-027,3.2,7.1,-0.5,5.3
1823,2020-12-028,3.1,11.3,0.1,0
1824,2020-12-029,3.9,12.0,-0.9,3.8
1825,2020-12-030,-3.2,1.2,-6.6,0.1
1826,2020-12-031,-2.5,3.4,-7.4,0
1827,2021-01-01,-1.9,4.5,-8.4,0
1828,2021-01-02,-0.4,5.6,-4.6,0
1829,2021-01-03,0.1,5.7,-5.0,0
1830,2021-01-04,-1.5,7.2,-7.7,0
1831,2021-01-05,-0.4,6.9,-5.5,0
1832,2021-01-06,-2.3,2.2,-8.1,0
1833,2021-01-07,-6.9,-1.3,-12.1,0
1834,2021-01-08,-9.1,-1.9,-15.4,0
1835,2021-01-09,-7.0,0.5,-14.8,0
1836,2021-01-10,-5.6,1.9,-12.9,0
1837,2021-01-11,-3.3,1.3,-7.9,0
1838,2021-01-12,-1.9,5.4,-10.4,0
1839,2021-01-13,3.4,11.8,-4.8,0
1840,2021-01-14,3.3,13.0,-4.9,0
1841,2021-01-15,7.5,15.6,-1.9,0
1842,2021-01-16,2.4,8.5,-2.1,0
1843,2021-01-17,-1.6,3.0,-7.0,0
1844,2021-01-18,-0.8,5.1,-8.3,0.2
1845,2021-01-19,-1.9,5.6,-8.2,0
1846,2021-01-20,-0.4,10.6,-9.7,0
1847,2021-01-21,5.2,12.6,-2.6,1.7
1848,2021-01-22,7.0,9.8,5.1,1.2
1849,2021-01-23,8.9,11.6,6.8,1.4
1850,2021-01-24,8.0,11.6,3.0,0.0
1851,2021-01-25,6.3,14.3,-1.2,0
1852,2021-01-26,4.7,7.4,1.5,10.3
1853,2021-01-27,4.1,11.4,-1.2,0
1854,2021-01-28,1.4,10.7,-3.0,0
1855,2021-01-29,-2.3,3.0,-6.0,0
1856,2021-01-30,-0.3,9.1,-9.2,0
1857,2021-01-31,3.1,12.2,-6.0,1.0
